category,filter_type,bilateral_symmetry,lr_imbalance,multifractal_width,entropy,junctions
ai_faces_1k,edge,0.7087,0.0092,0.8714,2.8115,1185
ai_faces_1k,edge,0.9067,0.008,1.3274,1.1415,316
ai_faces_1k,edge,0.8612,0.0344,1.1183,1.5988,525
ai_faces_1k,edge,0.8522,0.0289,1.7181,1.5659,473
ai_faces_1k,edge,0.8335,0.0433,0.7825,1.6359,451
ai_faces_1k,edge,0.8598,0.0238,1.7088,1.3819,342
ai_faces_1k,edge,0.7538,0.0758,0.4823,2.1675,592
ai_faces_1k,edge,0.8409,0.0188,0.8519,1.7008,485
ai_faces_1k,edge,0.6895,0.0232,1.2763,2.9683,1224
ai_faces_1k,edge,0.8135,0.1039,0.9342,1.6509,530
ai_faces_1k,edge,0.868,0.0114,1.6377,1.51,396
ai_faces_1k,edge,0.8768,0.034,1.5385,1.3487,441
ai_faces_1k,edge,0.7956,0.0205,0.7137,2.0558,743
ai_faces_1k,edge,0.8226,0.0673,1.8099,1.7672,585
ai_faces_1k,edge,0.9138,0.0129,1.432,1.0652,251
ai_faces_1k,edge,0.8128,0.0022,1.6193,2.0431,752
ai_faces_1k,edge,0.8236,0.0238,0.9735,1.7883,495
ai_faces_1k,edge,0.7655,0.0262,1.3689,2.5147,961
ai_faces_1k,edge,0.82,0.0953,1.2882,1.6093,576
ai_faces_1k,edge,0.7181,0.013,0.891,2.7124,1055
ai_faces_1k,edge,0.9158,0.0133,0.4642,1.2155,299
ai_faces_1k,edge,0.8562,0.0093,1.2026,1.695,634
ai_faces_1k,edge,0.6986,0.0751,1.0888,2.6342,1011
ai_faces_1k,edge,0.8897,0.0246,1.4404,1.2788,316
ai_faces_1k,edge,0.7386,0.0453,1.3125,2.2045,775
ai_faces_1k,edge,0.8577,0.0005,1.7211,1.6473,474
ai_faces_1k,edge,0.8605,0.0263,1.098,1.5556,517
ai_faces_1k,edge,0.8867,0.0181,1.6591,1.3422,411
ai_faces_1k,edge,0.7784,0.0812,0.634,2.1937,895
ai_faces_1k,edge,0.7815,0.0028,1.7711,2.0744,578
ai_faces_1k,edge,0.8537,0.0009,1.6797,1.5397,490
ai_faces_1k,edge,0.8807,0.0247,1.3904,1.2556,353
ai_faces_1k,edge,0.8693,0.0372,1.024,1.4112,440
ai_faces_1k,edge,0.8754,0.017,0.7102,1.607,422
ai_faces_1k,edge,0.7554,0.0513,0.8507,2.5617,827
ai_faces_1k,edge,0.8709,0.001,0.8966,1.418,465
ai_faces_1k,edge,0.8298,0.0236,0.7485,1.8095,492
ai_faces_1k,edge,0.852,0.0241,1.8043,1.723,615
ai_faces_1k,edge,0.838,0.0617,1.2989,1.6827,615
ai_faces_1k,edge,0.7306,0.0329,1.6667,2.8404,1353
ai_faces_1k,edge,0.8011,0.0172,0.5368,1.9788,561
ai_faces_1k,edge,0.8532,0.0564,0.945,1.4875,410
ai_faces_1k,edge,0.7506,0.0368,1.2774,2.4717,919
ai_faces_1k,edge,0.8448,0.04,1.496,1.706,551
ai_faces_1k,edge,0.9094,0.007,1.6166,1.1506,237
ai_faces_1k,edge,0.8062,0.0279,1.609,1.9401,566
ai_faces_1k,edge,0.8646,0.0099,1.4918,1.7104,673
ai_faces_1k,edge,0.7397,0.0373,0.9267,2.3055,888
ai_faces_1k,edge,0.8665,0.0239,1.2125,1.6154,424
ai_faces_1k,edge,0.8816,0.0119,1.7767,1.4934,512
ai_faces_1k,edge,0.8625,0.0476,1.5462,1.3733,401
ai_faces_1k,edge,0.6653,0.0908,0.7886,3.0733,1376
ai_faces_1k,edge,0.7849,0.0145,1.6387,2.1063,668
ai_faces_1k,edge,0.8196,0.0064,1.5778,2.063,730
ai_faces_1k,edge,0.8687,0.0608,1.4001,1.4295,508
ai_faces_1k,edge,0.8167,0.0074,1.6493,1.797,467
ai_faces_1k,edge,0.8323,0.0168,0.8255,2.068,905
ai_faces_1k,edge,0.8752,0.0435,1.5663,1.2906,401
ai_faces_1k,edge,0.7387,0.0663,1.7809,2.3919,719
ai_faces_1k,edge,0.8877,0.0055,1.571,1.2806,282
ai_faces_1k,edge,0.8113,0.0728,1.1321,1.8922,543
ai_faces_1k,edge,0.7264,0.0117,1.3228,2.7041,1052
ai_faces_1k,edge,0.8747,0.0114,1.381,1.5766,398
ai_faces_1k,edge,0.7896,0.06,1.2532,1.929,609
ai_faces_1k,edge,0.7292,0.13,1.5826,2.3326,821
ai_faces_1k,edge,0.894,0.0366,0.9714,1.2251,296
ai_faces_1k,edge,0.9006,0.0077,1.6036,1.3311,416
ai_faces_1k,edge,0.8569,0.0344,1.3481,1.5502,356
ai_faces_1k,edge,0.86,0.0186,1.3451,1.593,449
ai_faces_1k,edge,0.8441,0.0485,1.504,1.6924,573
ai_faces_1k,edge,0.7714,0.1121,0.8511,1.9572,704
ai_faces_1k,edge,0.8844,0.012,1.5597,1.3676,385
ai_faces_1k,edge,0.8931,0.0019,1.485,1.2666,282
ai_faces_1k,edge,0.8735,0.0046,1.8063,1.6851,574
ai_faces_1k,edge,0.6837,0.0736,1.4056,2.9047,1340
ai_faces_1k,edge,0.8596,0.0571,0.827,1.5178,470
ai_faces_1k,edge,0.8302,0.0163,1.6378,1.8083,600
ai_faces_1k,edge,0.7936,0.0252,1.0386,2.1562,770
ai_faces_1k,edge,0.8931,0.0287,1.4187,1.2338,260
ai_faces_1k,edge,0.8982,0.0009,1.4144,1.2633,309
ai_faces_1k,edge,0.856,0.0191,1.1457,1.7509,694
ai_faces_1k,edge,0.6994,0.022,1.5031,2.7517,1119
ai_faces_1k,edge,0.8477,0.0278,1.6392,1.7123,561
ai_faces_1k,edge,0.8181,0.0722,0.6574,1.6753,643
ai_faces_1k,edge,0.7133,0.054,1.3665,2.7692,1174
ai_faces_1k,edge,0.8676,0.0013,1.7342,1.6881,458
ai_faces_1k,edge,0.8833,0.0199,1.6284,1.3682,416
ai_faces_1k,edge,0.7961,0.0468,0.7771,2.2813,758
ai_faces_1k,edge,0.807,0.0007,0.9865,2.0075,589
ai_faces_1k,edge,0.7872,0.0057,0.812,2.1991,820
ai_faces_1k,edge,0.7865,0.0241,1.0763,2.1874,685
ai_faces_1k,edge,0.833,0.0307,0.8486,1.509,440
ai_faces_1k,edge,0.8345,0.0067,1.4829,1.7038,380
ai_faces_1k,edge,0.8544,0.0347,1.5818,1.5093,354
ai_faces_1k,edge,0.9196,0.0115,0.962,1.0569,150
ai_faces_1k,edge,0.8431,0.0368,1.7384,1.5423,417
ai_faces_1k,edge,0.9047,0.0023,1.3864,1.1834,293
ai_faces_1k,edge,0.8667,0.0199,0.7298,1.5889,486
ai_faces_1k,edge,0.78,0.0511,1.6648,2.1766,667
ai_faces_1k,edge,0.7341,0.023,0.8891,2.5382,932
ai_faces_1k,edge,0.7607,0.0239,0.7917,2.4055,875
ai_faces_1k,edge,0.7923,0.0144,1.8475,2.027,720
ai_faces_1k,edge,0.8228,0.0946,1.239,1.8598,548
ai_faces_1k,edge,0.7798,0.0833,1.5415,1.7985,587
ai_faces_1k,edge,0.9168,0.0191,1.5397,1.1173,316
ai_faces_1k,edge,0.7422,0.0307,0.905,2.5556,863
ai_faces_1k,edge,0.8409,0.0252,1.7514,1.6764,499
ai_faces_1k,edge,0.8841,0.0025,1.7631,1.4172,401
ai_faces_1k,edge,0.8544,0.0335,1.5319,1.6101,512
ai_faces_1k,edge,0.6943,0.0209,1.4698,2.73,1130
ai_faces_1k,edge,0.8404,0.0761,1.6927,1.6767,435
ai_faces_1k,edge,0.8182,0.1141,1.3889,1.7197,661
ai_faces_1k,edge,0.9016,0.0298,1.596,1.138,262
ai_faces_1k,edge,0.6724,0.0275,1.3561,3.18,1237
ai_faces_1k,edge,0.8434,0.0501,1.6446,1.6368,529
ai_faces_1k,edge,0.8961,0.0051,1.5445,1.2629,283
ai_faces_1k,edge,0.801,0.0,1.042,2.1601,968
ai_faces_1k,edge,0.8558,0.0297,0.684,1.5877,461
ai_faces_1k,edge,0.8231,0.06,1.5653,1.8282,725
ai_faces_1k,edge,0.8858,0.0318,1.1391,1.1905,363
ai_faces_1k,edge,0.8685,0.025,1.7949,1.4272,353
ai_faces_1k,edge,0.8388,0.0531,1.7257,1.594,428
ai_faces_1k,edge,0.8418,0.0303,1.2018,1.6426,585
ai_faces_1k,edge,0.7996,0.0237,0.6863,2.0142,694
ai_faces_1k,edge,0.8493,0.0211,1.7508,1.6735,626
ai_faces_1k,edge,0.8876,0.0049,1.5783,1.3803,404
ai_faces_1k,edge,0.8978,0.001,1.4059,1.2721,427
ai_faces_1k,edge,0.7705,0.0229,1.8502,2.1848,798
ai_faces_1k,edge,0.8375,0.021,1.6934,1.8222,522
ai_faces_1k,edge,0.7811,0.0149,1.661,2.2018,676
ai_faces_1k,edge,0.8375,0.0046,1.7675,1.7817,578
ai_faces_1k,edge,0.9133,0.0074,1.2737,1.2074,265
ai_faces_1k,edge,0.8334,0.0426,1.6983,1.7384,474
ai_faces_1k,edge,0.8686,0.0112,1.5146,1.4876,506
ai_faces_1k,edge,0.8181,0.0285,0.9403,1.9594,702
ai_faces_1k,edge,0.816,0.0554,1.5002,1.9575,716
ai_faces_1k,edge,0.7465,0.0209,1.3008,2.2152,650
ai_faces_1k,edge,0.8432,0.0178,0.7559,1.8235,592
ai_faces_1k,edge,0.8842,0.0257,1.4294,1.3056,430
ai_faces_1k,edge,0.8904,0.0318,1.5338,1.1971,410
ai_faces_1k,edge,0.7723,0.0004,1.7642,2.2416,855
ai_faces_1k,edge,0.7011,0.0023,0.8708,2.9242,1155
ai_faces_1k,edge,0.8426,0.0316,1.7725,1.7834,713
ai_faces_1k,edge,0.763,0.0764,1.1957,2.2296,801
ai_faces_1k,edge,0.8332,0.0701,1.1305,1.7596,466
ai_faces_1k,edge,0.7054,0.0193,0.6266,2.7662,888
ai_faces_1k,edge,0.8793,0.0329,1.6299,1.3595,471
ai_faces_1k,edge,0.8883,0.0351,1.4677,1.2573,375
ai_faces_1k,edge,0.7491,0.1758,1.8658,1.9329,563
ai_faces_1k,edge,0.8872,0.004,1.58,1.2706,338
ai_faces_1k,edge,0.8912,0.0038,1.4947,1.4177,428
ai_faces_1k,edge,0.8821,0.0201,1.4876,1.2949,424
ai_faces_1k,edge,0.8538,0.009,1.2864,1.7233,533
ai_faces_1k,edge,0.8393,0.0035,1.717,1.7223,518
ai_faces_1k,edge,0.8692,0.0324,1.3419,1.5774,516
ai_faces_1k,edge,0.8855,0.0075,0.5969,1.3092,290
ai_faces_1k,edge,0.6424,0.0016,0.694,2.922,1145
ai_faces_1k,edge,0.7257,0.0599,1.7853,2.6689,1170
ai_faces_1k,edge,0.7534,0.0169,1.6917,2.3496,824
ai_faces_1k,edge,0.8413,0.0323,1.2843,1.7871,627
ai_faces_1k,edge,0.8695,0.013,1.6126,1.4716,426
ai_faces_1k,edge,0.7851,0.0745,1.6614,2.0812,708
ai_faces_1k,edge,0.9102,0.0103,1.5889,1.2532,213
ai_faces_1k,edge,0.8248,0.0152,1.4683,2.0099,616
ai_faces_1k,edge,0.8429,0.0803,1.4091,1.5738,471
ai_faces_1k,edge,0.8625,0.0223,0.5569,1.6648,487
ai_faces_1k,edge,0.9155,0.0095,0.752,1.1996,286
ai_faces_1k,edge,0.7607,0.0045,0.8464,2.4083,940
ai_faces_1k,edge,0.7303,0.022,0.8058,2.5132,818
ai_faces_1k,edge,0.8412,0.0234,1.2038,1.7978,619
ai_faces_1k,edge,0.7445,0.0119,1.1151,2.4981,1042
ai_faces_1k,edge,0.8081,0.0849,1.5613,1.7296,666
ai_faces_1k,edge,0.7654,0.0752,1.6685,2.0935,735
ai_faces_1k,edge,0.7992,0.0129,0.7196,2.0295,620
ai_faces_1k,edge,0.7914,0.0112,1.682,2.2788,833
ai_faces_1k,edge,0.7796,0.1598,0.6346,1.814,479
ai_faces_1k,edge,0.8246,0.0657,1.7548,1.5901,504
ai_faces_1k,edge,0.9188,0.0063,1.5074,1.0888,296
ai_faces_1k,edge,0.7636,0.0233,0.7947,2.2193,735
ai_faces_1k,edge,0.8733,0.0208,1.6815,1.5184,382
ai_faces_1k,edge,0.8516,0.043,1.5388,1.5181,458
ai_faces_1k,edge,0.7957,0.0036,0.9959,2.1161,793
ai_faces_1k,edge,0.784,0.0152,1.4166,2.2441,853
ai_faces_1k,edge,0.7994,0.0004,1.1794,2.1226,723
ai_faces_1k,edge,0.8504,0.0855,1.2315,1.5708,531
ai_faces_1k,edge,0.9187,0.0057,0.8124,0.9975,249
ai_faces_1k,edge,0.7893,0.0224,1.5985,2.1054,758
ai_faces_1k,edge,0.7301,0.0199,1.4142,2.6788,1073
ai_faces_1k,edge,0.8005,0.0164,1.1318,2.078,730
ai_faces_1k,edge,0.8093,0.0702,1.5767,1.8762,686
ai_faces_1k,edge,0.8888,0.0275,1.626,1.2987,363
ai_faces_1k,edge,0.8292,0.07,0.6798,1.7135,626
ai_faces_1k,edge,0.865,0.0129,1.4234,1.5039,336
ai_faces_1k,edge,0.7862,0.0809,1.7662,2.0828,841
ai_faces_1k,edge,0.8831,0.0234,0.6362,1.4422,419
ai_faces_1k,edge,0.8002,0.0258,1.4211,1.9656,582
ai_faces_1k,edge,0.7622,0.131,1.7424,2.0769,605
ai_faces_1k,edge,0.7782,0.0514,1.7649,2.1741,685
ai_faces_1k,edge,0.8575,0.0146,0.5774,1.4807,556
ai_faces_1k,edge,0.8664,0.0192,1.5906,1.49,312
ai_faces_1k,edge,0.8117,0.0211,1.2518,1.9879,687
ai_faces_1k,edge,0.8297,0.0451,1.7778,1.8822,644
ai_faces_1k,edge,0.7972,0.0655,1.6851,2.0674,752
ai_faces_1k,edge,0.7307,0.07,1.3495,2.7229,1237
ai_faces_1k,edge,0.8258,0.0495,0.8923,1.7655,588
ai_faces_1k,edge,0.8379,0.021,0.9562,1.8383,536
ai_faces_1k,edge,0.905,0.0141,1.1803,1.237,233
ai_faces_1k,edge,0.8717,0.0803,0.602,1.3521,369
ai_faces_1k,edge,0.8011,0.048,1.1134,2.1422,727
ai_faces_1k,edge,0.7464,0.206,1.3505,1.9263,566
ai_faces_1k,edge,0.8655,0.0052,1.6863,1.4679,377
ai_faces_1k,edge,0.8973,0.0218,1.2551,1.131,336
ai_faces_1k,edge,0.911,0.0101,1.4151,1.0292,245
ai_faces_1k,edge,0.7902,0.006,0.9679,2.1872,683
ai_faces_1k,edge,0.7024,0.0817,1.6424,2.4408,694
ai_faces_1k,edge,0.7059,0.01,1.6197,2.3788,889
ai_faces_1k,edge,0.807,0.0228,0.8958,2.0524,834
ai_faces_1k,edge,0.8703,0.0107,1.124,1.5499,467
ai_faces_1k,edge,0.85,0.0379,1.0595,1.645,465
ai_faces_1k,edge,0.907,0.0196,1.385,1.0835,295
ai_faces_1k,edge,0.8842,0.0054,1.2707,1.4045,499
ai_faces_1k,edge,0.862,0.0305,1.7001,1.5998,487
ai_faces_1k,edge,0.7677,0.115,1.0602,1.9769,431
ai_faces_1k,edge,0.8731,0.0011,1.6228,1.4039,471
ai_faces_1k,edge,0.8244,0.0966,1.1556,1.6496,617
ai_faces_1k,edge,0.866,0.0322,1.4715,1.3459,481
ai_faces_1k,edge,0.7942,0.0535,1.667,2.0131,734
ai_faces_1k,edge,0.8144,0.0113,1.6278,1.8838,650
ai_faces_1k,edge,0.8419,0.0265,0.89,1.6699,535
ai_faces_1k,edge,0.8361,0.0303,1.6777,1.8713,717
ai_faces_1k,edge,0.7738,0.0286,1.7425,2.2303,702
ai_faces_1k,edge,0.7424,0.0161,1.7838,2.4248,789
ai_faces_1k,edge,0.8923,0.0062,1.1992,1.294,414
ai_faces_1k,edge,0.8956,0.0287,1.5224,1.2113,321
ai_faces_1k,edge,0.8562,0.0141,0.7672,1.806,611
ai_faces_1k,edge,0.8535,0.0394,0.8208,1.63,554
ai_faces_1k,edge,0.7576,0.0545,0.7125,2.1989,831
ai_faces_1k,edge,0.7952,0.0247,1.6472,2.2044,867
ai_faces_1k,edge,0.802,0.0126,1.8699,1.8993,676
ai_faces_1k,edge,0.8566,0.025,1.6383,1.7377,522
ai_faces_1k,edge,0.8606,0.0678,1.6973,1.4755,353
ai_faces_1k,edge,0.7517,0.0017,1.1203,2.5473,1011
ai_faces_1k,edge,0.8568,0.0341,0.895,1.591,608
ai_faces_1k,edge,0.8619,0.0093,0.74,1.6174,496
ai_faces_1k,edge,0.7936,0.0627,0.9753,2.0375,660
ai_faces_1k,edge,0.9381,0.0052,1.5975,0.904,336
ai_faces_1k,edge,0.8227,0.0147,1.391,1.8861,625
ai_faces_1k,edge,0.7593,0.0049,1.7676,2.4632,1039
ai_faces_1k,edge,0.8092,0.0076,1.7357,2.0059,792
ai_faces_1k,edge,0.6965,0.0254,1.7141,2.9488,1241
ai_faces_1k,edge,0.8962,0.0061,1.5691,1.2703,356
ai_faces_1k,edge,0.7505,0.03,1.8172,2.3497,1012
ai_faces_1k,edge,0.8841,0.0417,0.6563,1.1816,338
ai_faces_1k,edge,0.8041,0.0451,0.7046,1.9909,665
ai_faces_1k,edge,0.8534,0.002,1.6041,1.602,493
ai_faces_1k,edge,0.6689,0.0673,0.9473,2.775,1263
ai_faces_1k,edge,0.8367,0.0429,1.7661,1.6836,478
ai_faces_1k,edge,0.8117,0.0373,1.5986,2.154,718
ai_faces_1k,edge,0.7136,0.0177,1.457,2.6655,861
ai_faces_1k,edge,0.8621,0.0147,1.7184,1.4393,381
ai_faces_1k,edge,0.9151,0.0071,1.5654,1.0884,182
ai_faces_1k,edge,0.8533,0.0578,1.5254,1.5005,542
ai_faces_1k,edge,0.8972,0.0,1.468,1.2983,336
ai_faces_1k,edge,0.8148,0.0572,1.2937,1.8428,582
ai_faces_1k,edge,0.8555,0.0593,1.765,1.4871,564
ai_faces_1k,edge,0.8128,0.017,1.3445,2.0978,780
ai_faces_1k,edge,0.7723,0.1249,1.2088,1.9935,714
ai_faces_1k,edge,0.7212,0.0991,0.6267,2.5077,835
ai_faces_1k,edge,0.7449,0.0504,1.2351,2.4304,796
ai_faces_1k,edge,0.7834,0.0055,1.8738,2.3061,924
ai_faces_1k,edge,0.6635,0.0644,1.0155,3.1642,1189
ai_faces_1k,edge,0.897,0.0284,1.1384,1.2059,319
ai_faces_1k,edge,0.7239,0.0135,1.8811,2.5211,974
ai_faces_1k,edge,0.8892,0.0066,1.4493,1.2659,274
ai_faces_1k,edge,0.822,0.0358,1.1712,1.8283,618
ai_faces_1k,edge,0.7997,0.0586,1.1182,2.108,656
ai_faces_1k,edge,0.8601,0.0272,1.6652,1.464,289
ai_faces_1k,edge,0.7691,0.0082,1.4141,2.2227,724
ai_faces_1k,edge,0.8059,0.072,0.77,1.8761,639
ai_faces_1k,edge,0.8674,0.0706,1.72,1.2453,340
ai_faces_1k,edge,0.7817,0.0883,1.7717,1.8927,722
ai_faces_1k,edge,0.8404,0.0459,1.7283,1.8294,516
ai_faces_1k,edge,0.9066,0.0138,0.8921,1.0475,262
ai_faces_1k,edge,0.6633,0.0742,1.0188,2.4409,664
ai_faces_1k,edge,0.7308,0.0016,1.4638,2.712,1081
ai_faces_1k,edge,0.7718,0.0014,1.8647,2.2971,807
ai_faces_1k,edge,0.8812,0.0278,1.2451,1.2766,373
ai_faces_1k,edge,0.7384,0.063,1.5671,2.4609,865
ai_faces_1k,edge,0.8427,0.0215,1.3039,1.8079,536
ai_faces_1k,edge,0.7885,0.0101,1.8455,2.1893,970
ai_faces_1k,edge,0.9012,0.017,1.0185,1.1832,344
ai_faces_1k,edge,0.8347,0.0175,1.3994,1.7123,528
ai_faces_1k,edge,0.7596,0.0126,1.2417,2.2167,751
ai_faces_1k,edge,0.815,0.1136,1.5862,1.5719,454
ai_faces_1k,edge,0.825,0.0351,1.7718,1.8224,634
ai_faces_1k,edge,0.8271,0.0478,1.8005,1.7581,545
ai_faces_1k,edge,0.7815,0.0196,1.133,1.9549,643
ai_faces_1k,edge,0.8766,0.0661,1.0134,1.3177,456
ai_faces_1k,edge,0.7924,0.0675,1.771,2.0106,701
ai_faces_1k,edge,0.8353,0.0119,1.3389,1.817,512
ai_faces_1k,edge,0.7354,0.052,1.8479,2.5471,970
ai_faces_1k,edge,0.8328,0.0265,1.1508,1.9708,754
ai_faces_1k,edge,0.9147,0.0101,1.6509,1.0715,251
ai_faces_1k,edge,0.7595,0.0818,1.0462,2.2957,967
ai_faces_1k,edge,0.7003,0.0901,1.2557,2.6753,910
ai_faces_1k,edge,0.7786,0.0609,0.888,2.3437,768
ai_faces_1k,edge,0.6925,0.1168,0.8876,2.6077,908
ai_faces_1k,edge,0.8115,0.0063,1.2514,1.8481,548
ai_faces_1k,edge,0.8172,0.0443,0.6912,1.8737,639
ai_faces_1k,edge,0.8709,0.0147,1.4475,1.4581,482
ai_faces_1k,edge,0.7632,0.0201,1.7005,2.4469,888
ai_faces_1k,edge,0.8263,0.0447,0.7893,1.8191,552
ai_faces_1k,edge,0.8337,0.0118,0.6199,1.7532,562
ai_faces_1k,edge,0.7193,0.0222,1.1331,2.4944,1072
ai_faces_1k,edge,0.8557,0.0133,0.7575,1.72,609
ai_faces_1k,edge,0.8865,0.0185,1.629,1.3421,345
ai_faces_1k,edge,0.7859,0.0594,1.3969,2.1718,665
ai_faces_1k,edge,0.7738,0.0162,1.3964,2.2785,725
ai_faces_1k,edge,0.7327,0.0245,0.896,2.4627,989
ai_faces_1k,edge,0.8662,0.0102,1.3801,1.4891,426
ai_faces_1k,edge,0.7776,0.0292,1.3531,2.5045,1109
ai_faces_1k,edge,0.8379,0.0079,1.5325,1.698,561
ai_faces_1k,edge,0.8053,0.0617,0.6288,2.0137,513
ai_faces_1k,edge,0.9032,0.0353,1.4575,1.1002,293
ai_faces_1k,edge,0.7791,0.0867,1.6313,2.0544,809
ai_faces_1k,edge,0.813,0.0474,0.9576,1.9114,558
ai_faces_1k,edge,0.8494,0.0432,1.3136,1.7777,493
ai_faces_1k,edge,0.782,0.0012,0.9043,2.0784,754
ai_faces_1k,edge,0.6865,0.02,1.3751,2.7942,1118
ai_faces_1k,edge,0.9273,0.0202,1.4481,0.8636,155
ai_faces_1k,edge,0.7994,0.0136,0.9118,2.1516,778
ai_faces_1k,edge,0.8762,0.0482,1.0977,1.3526,364
ai_faces_1k,edge,0.7842,0.0313,1.754,2.1475,798
ai_faces_1k,edge,0.7744,0.0425,1.3193,2.2264,709
ai_faces_1k,edge,0.8491,0.0179,1.0036,1.5875,457
ai_faces_1k,edge,0.8367,0.0125,0.6505,1.8498,507
ai_faces_1k,edge,0.8633,0.0177,1.5529,1.514,487
ai_faces_1k,edge,0.8103,0.0135,1.5498,1.8943,720
ai_faces_1k,edge,0.8532,0.0105,1.7548,1.6766,500
ai_faces_1k,edge,0.8504,0.0166,1.5509,1.7589,570
ai_faces_1k,edge,0.707,0.0055,1.6218,2.7802,1285
ai_faces_1k,edge,0.7542,0.0317,0.783,2.4506,781
ai_faces_1k,edge,0.8449,0.0081,1.2769,1.7635,559
ai_faces_1k,edge,0.8384,0.0379,0.7605,1.6654,589
ai_faces_1k,edge,0.6814,0.1012,1.2094,2.4878,840
ai_faces_1k,edge,0.8767,0.0247,1.0224,1.3903,420
ai_faces_1k,edge,0.8325,0.0724,1.7329,1.6548,481
ai_faces_1k,edge,0.7613,0.0937,1.8814,2.3466,734
ai_faces_1k,edge,0.8673,0.0007,1.651,1.4417,432
ai_faces_1k,edge,0.8251,0.0416,1.3099,1.9291,721
ai_faces_1k,edge,0.8174,0.0158,1.1889,1.978,694
ai_faces_1k,edge,0.8591,0.0123,1.4794,1.5377,419
ai_faces_1k,edge,0.8573,0.0264,1.1501,1.6126,323
ai_faces_1k,edge,0.8344,0.0389,0.6857,1.7606,517
ai_faces_1k,edge,0.6546,0.1028,1.323,2.9466,1116
ai_faces_1k,edge,0.8341,0.009,1.7457,1.6831,485
ai_faces_1k,edge,0.8814,0.0267,0.6187,1.3551,367
ai_faces_1k,edge,0.7404,0.0136,1.4018,2.44,799
ai_faces_1k,edge,0.7921,0.0311,1.4506,2.0572,653
ai_faces_1k,edge,0.7677,0.0994,0.8289,2.2073,820
ai_faces_1k,edge,0.8582,0.0108,1.2028,1.6538,490
ai_faces_1k,edge,0.906,0.0216,0.7155,1.1186,295
ai_faces_1k,edge,0.8893,0.0329,1.6257,1.2755,289
ai_faces_1k,edge,0.848,0.0405,1.2461,1.7204,569
ai_faces_1k,edge,0.8527,0.0445,1.1752,1.5909,534
ai_faces_1k,edge,0.7347,0.0037,1.7006,2.6961,1009
ai_faces_1k,edge,0.82,0.0188,1.1611,1.9099,702
ai_faces_1k,edge,0.8487,0.0376,1.6773,1.5694,396
ai_faces_1k,edge,0.8265,0.0167,1.7283,1.6138,479
ai_faces_1k,edge,0.921,0.0057,1.4953,1.0682,164
ai_faces_1k,edge,0.8994,0.02,1.323,1.3446,384
ai_faces_1k,edge,0.6721,0.0145,1.4331,3.0016,1224
ai_faces_1k,edge,0.9016,0.0023,1.5915,1.0149,271
ai_faces_1k,edge,0.884,0.0278,0.923,1.3893,422
ai_faces_1k,edge,0.8779,0.0023,1.544,1.3336,284
ai_faces_1k,edge,0.7261,0.0607,1.5389,2.2622,835
ai_faces_1k,edge,0.9114,0.0059,1.605,1.2093,183
ai_faces_1k,edge,0.8406,0.0085,0.8138,1.8476,639
ai_faces_1k,edge,0.8932,0.0188,1.6254,1.2868,405
ai_faces_1k,edge,0.6985,0.0088,1.9304,3.0468,1279
ai_faces_1k,edge,0.7641,0.119,1.7768,1.9794,634
ai_faces_1k,edge,0.8753,0.0149,1.5921,1.4919,350
ai_faces_1k,edge,0.8426,0.0045,1.6845,1.8007,564
ai_faces_1k,edge,0.9173,0.019,1.5592,0.988,230
ai_faces_1k,edge,0.701,0.039,1.2622,2.6815,894
ai_faces_1k,edge,0.9105,0.0227,1.3525,1.1008,313
ai_faces_1k,edge,0.8869,0.0435,1.6922,1.2904,306
ai_faces_1k,edge,0.9245,0.0107,1.3205,0.9789,194
ai_faces_1k,edge,0.8875,0.0125,1.6094,1.2712,340
ai_faces_1k,edge,0.8901,0.0151,1.0507,1.3494,400
ai_faces_1k,edge,0.8732,0.0043,1.6691,1.5986,464
ai_faces_1k,edge,0.8913,0.0022,1.6786,1.2615,339
ai_faces_1k,edge,0.7283,0.1572,0.7847,2.0403,685
ai_faces_1k,edge,0.8073,0.0748,1.8243,1.7981,518
ai_faces_1k,edge,0.839,0.0113,1.4808,1.8732,690
ai_faces_1k,edge,0.8541,0.0097,1.5538,1.5111,400
ai_faces_1k,edge,0.8821,0.002,1.4186,1.4494,347
ai_faces_1k,edge,0.8487,0.0344,1.4705,1.6881,556
ai_faces_1k,edge,0.7829,0.0632,1.29,2.0724,662
ai_faces_1k,edge,0.6212,0.0501,1.9955,3.3265,1344
ai_faces_1k,edge,0.8498,0.0591,1.2063,1.5921,432
ai_faces_1k,edge,0.7439,0.0203,1.3675,2.4308,772
ai_faces_1k,edge,0.8139,0.0067,1.5355,1.9481,702
ai_faces_1k,edge,0.9046,0.002,1.5963,1.0776,225
ai_faces_1k,edge,0.7064,0.051,1.8686,2.7329,1078
ai_faces_1k,edge,0.9017,0.0091,1.6164,1.3605,385
ai_faces_1k,edge,0.7901,0.0564,1.4404,2.1101,776
ai_faces_1k,edge,0.7601,0.0374,1.1233,2.3512,939
ai_faces_1k,edge,0.7891,0.0199,1.8162,2.1176,680
ai_faces_1k,edge,0.8657,0.0231,1.3305,1.4913,415
ai_faces_1k,edge,0.7347,0.01,0.7668,2.5602,1059
ai_faces_1k,edge,0.7597,0.0077,0.9216,2.2525,866
ai_faces_1k,edge,0.8463,0.061,1.52,1.5611,394
ai_faces_1k,edge,0.8837,0.0117,1.4281,1.271,399
ai_faces_1k,edge,0.9171,0.0041,0.7478,1.1008,256
ai_faces_1k,edge,0.7604,0.0734,1.2374,2.276,895
ai_faces_1k,edge,0.8732,0.0106,1.5945,1.4278,322
ai_faces_1k,edge,0.7576,0.1046,1.5814,2.2119,700
ai_faces_1k,edge,0.6942,0.0285,1.7642,2.8137,1042
ai_faces_1k,edge,0.8317,0.0617,1.7374,1.725,595
ai_faces_1k,edge,0.7783,0.0905,1.8469,2.0444,747
ai_faces_1k,edge,0.7326,0.0597,1.9085,2.4078,972
ai_faces_1k,edge,0.8807,0.0037,1.4262,1.3606,405
ai_faces_1k,edge,0.9349,0.0069,1.1335,0.9667,211
ai_faces_1k,edge,0.8536,0.0269,1.7844,1.5548,330
ai_faces_1k,edge,0.8542,0.0518,1.7936,1.5592,548
ai_faces_1k,edge,0.8142,0.0517,0.6525,1.7373,548
ai_faces_1k,edge,0.8551,0.0165,1.0667,1.5816,424
ai_faces_1k,edge,0.8288,0.0383,0.8071,1.8524,605
ai_faces_1k,edge,0.8219,0.0452,0.9286,1.8451,670
ai_faces_1k,edge,0.9162,0.0047,1.5881,0.9739,223
ai_faces_1k,edge,0.7593,0.0297,0.9509,2.0941,667
ai_faces_1k,edge,0.9357,0.0013,1.1405,0.8961,178
ai_faces_1k,edge,0.8782,0.0292,0.9228,1.4077,426
ai_faces_1k,edge,0.8702,0.0019,1.4308,1.4663,504
ai_faces_1k,edge,0.8287,0.01,1.6568,1.8333,627
ai_faces_1k,edge,0.7017,0.0156,1.6514,2.6563,1047
ai_faces_1k,edge,0.8306,0.0724,1.6711,1.6514,572
ai_faces_1k,edge,0.9114,0.0299,1.3348,1.1277,306
ai_faces_1k,edge,0.798,0.0187,1.594,1.8914,515
ai_faces_1k,edge,0.7512,0.0332,0.8914,2.7134,1205
ai_faces_1k,edge,0.9209,0.0211,1.6781,0.9971,309
ai_faces_1k,edge,0.8973,0.0004,1.4414,1.0937,279
ai_faces_1k,edge,0.7945,0.0748,1.8053,1.8854,550
ai_faces_1k,edge,0.7147,0.0486,0.745,2.8439,1150
ai_faces_1k,edge,0.8525,0.0228,1.6755,1.5564,505
ai_faces_1k,edge,0.8012,0.0231,1.565,2.0344,817
ai_faces_1k,edge,0.8107,0.0317,1.203,1.994,769
ai_faces_1k,edge,0.7977,0.0271,0.797,2.3924,1178
ai_faces_1k,edge,0.7572,0.1081,1.2375,2.2615,642
ai_faces_1k,edge,0.8322,0.0461,1.6569,1.6603,557
ai_faces_1k,edge,0.8711,0.0036,1.6001,1.3896,314
ai_faces_1k,edge,0.8759,0.0022,1.5646,1.4778,358
ai_faces_1k,edge,0.7756,0.019,1.8312,2.3643,892
ai_faces_1k,edge,0.8693,0.0461,1.6675,1.5117,502
ai_faces_1k,edge,0.8141,0.0159,0.9232,1.7376,531
ai_faces_1k,edge,0.8443,0.0157,1.5324,1.8013,626
ai_faces_1k,edge,0.7304,0.1062,0.7653,2.5206,954
ai_faces_1k,edge,0.793,0.0094,1.0095,2.1085,741
ai_faces_1k,edge,0.9267,0.0196,1.4637,0.9957,267
ai_faces_1k,edge,0.8499,0.0112,0.8345,1.5636,452
ai_faces_1k,edge,0.7245,0.0181,1.4609,2.5517,844
ai_faces_1k,edge,0.8669,0.0141,1.5985,1.5994,459
ai_faces_1k,edge,0.804,0.0418,1.8658,2.0161,706
ai_faces_1k,edge,0.8852,0.0093,0.78,1.4179,490
ai_faces_1k,edge,0.7422,0.1386,0.6772,2.0299,608
ai_faces_1k,edge,0.8534,0.0277,1.539,1.6413,512
ai_faces_1k,edge,0.9039,0.0217,1.6814,1.3196,396
ai_faces_1k,edge,0.7964,0.002,0.7996,2.3175,787
ai_faces_1k,edge,0.8104,0.0146,0.8055,1.9964,668
ai_faces_1k,edge,0.9236,0.0,1.4805,1.0935,241
ai_faces_1k,edge,0.9012,0.0273,1.708,1.0863,294
ai_faces_1k,edge,0.7495,0.0493,1.1617,2.4505,876
ai_faces_1k,edge,0.8311,0.0217,1.7928,1.5051,510
ai_faces_1k,edge,0.85,0.0459,1.376,1.6017,445
ai_faces_1k,edge,0.6913,0.007,0.8618,2.7016,875
ai_faces_1k,edge,0.7756,0.0315,1.3872,2.1477,749
ai_faces_1k,edge,0.8266,0.0437,1.2088,1.9403,633
ai_faces_1k,edge,0.8829,0.0124,1.7253,1.3857,495
ai_faces_1k,edge,0.8836,0.0243,0.7114,1.3446,356
ai_faces_1k,edge,0.9195,0.0063,1.7212,1.1628,264
ai_faces_1k,edge,0.869,0.0347,0.6639,1.5593,561
ai_faces_1k,edge,0.8551,0.0677,0.6451,1.4838,466
ai_faces_1k,edge,0.8813,0.0058,0.7461,1.4728,474
ai_faces_1k,edge,0.8547,0.0107,1.7392,1.7279,576
ai_faces_1k,edge,0.8692,0.0402,1.7701,1.5922,467
ai_faces_1k,edge,0.7731,0.0451,1.5027,2.3575,907
ai_faces_1k,edge,0.88,0.0355,1.6264,1.3642,323
ai_faces_1k,edge,0.801,0.0993,1.7454,1.717,510
ai_faces_1k,edge,0.8774,0.0244,0.8635,1.4285,425
ai_faces_1k,edge,0.8558,0.0057,0.7385,1.66,532
ai_faces_1k,edge,0.7906,0.0183,1.8614,2.2041,795
ai_faces_1k,edge,0.804,0.0559,1.6287,1.9486,628
ai_faces_1k,edge,0.86,0.0315,1.1684,1.5752,470
ai_faces_1k,edge,0.8575,0.0071,1.5891,1.5608,406
ai_faces_1k,edge,0.7899,0.0137,0.9925,2.0817,789
ai_faces_1k,edge,0.8249,0.0441,0.825,1.8496,668
ai_faces_1k,edge,0.9253,0.0087,1.4835,0.9115,219
ai_faces_1k,edge,0.7359,0.078,1.899,2.5222,856
ai_faces_1k,edge,0.8786,0.0222,0.8912,1.4531,319
ai_faces_1k,edge,0.6788,0.021,0.7752,3.0042,1177
ai_faces_1k,edge,0.7641,0.0281,1.2945,2.489,1130
ai_faces_1k,edge,0.8026,0.0415,1.0802,2.1339,753
ai_faces_1k,edge,0.7253,0.0506,1.3762,2.4759,1035
ai_faces_1k,edge,0.7972,0.0417,0.8381,2.027,761
ai_faces_1k,edge,0.7855,0.0353,1.7208,2.0193,715
ai_faces_1k,edge,0.8606,0.025,1.6071,1.4018,469
ai_faces_1k,edge,0.7658,0.0428,1.1024,2.2776,784
ai_faces_1k,edge,0.8495,0.0211,1.6464,1.4567,451
ai_faces_1k,edge,0.8157,0.0366,1.5265,1.8395,589
ai_faces_1k,edge,0.7993,0.0104,0.802,2.0536,775
ai_faces_1k,edge,0.7295,0.0239,1.8952,2.6055,898
ai_faces_1k,edge,0.8025,0.0,0.7588,1.9701,741
ai_faces_1k,edge,0.7817,0.1062,1.6744,1.9267,543
ai_faces_1k,edge,0.8723,0.0102,1.5886,1.4374,321
ai_faces_1k,edge,0.8509,0.0716,1.4595,1.6273,419
ai_faces_1k,edge,0.7685,0.1,0.6876,2.0588,649
ai_faces_1k,edge,0.8127,0.0014,0.8967,1.9041,627
ai_faces_1k,edge,0.7538,0.044,1.0091,2.3173,777
ai_faces_1k,edge,0.8948,0.0121,1.4452,1.2693,300
ai_faces_1k,edge,0.7629,0.0251,0.7749,2.3072,904
ai_faces_1k,edge,0.8561,0.0267,1.4397,1.6099,472
ai_faces_1k,edge,0.8958,0.0132,1.053,1.2202,267
ai_faces_1k,edge,0.7914,0.0522,1.0821,2.1969,769
ai_faces_1k,edge,0.8942,0.0192,1.2544,1.4063,485
ai_faces_1k,edge,0.7246,0.0728,1.0843,2.3676,691
ai_faces_1k,edge,0.7754,0.0491,1.6512,2.121,604
ai_faces_1k,edge,0.8334,0.0209,1.3947,1.6413,450
ai_faces_1k,edge,0.7973,0.0747,1.8518,1.9243,671
ai_faces_1k,edge,0.8467,0.0171,0.7872,1.6491,526
ai_faces_1k,edge,0.7476,0.0368,1.871,2.4497,944
ai_faces_1k,edge,0.8128,0.0101,1.6595,1.836,557
ai_faces_1k,edge,0.8851,0.005,1.116,1.3687,360
ai_faces_1k,edge,0.7616,0.0129,1.6597,2.443,911
ai_faces_1k,edge,0.6755,0.2599,1.6937,2.064,478
ai_faces_1k,edge,0.9059,0.0127,0.8822,1.0582,343
ai_faces_1k,edge,0.872,0.0006,0.5894,1.4995,447
ai_faces_1k,edge,0.9063,0.0177,1.5896,1.173,256
ai_faces_1k,edge,0.7206,0.1004,1.3835,2.4324,737
ai_faces_1k,edge,0.8347,0.029,1.5616,1.6254,551
ai_faces_1k,edge,0.6958,0.0729,1.4098,2.7201,1087
ai_faces_1k,edge,0.779,0.1134,0.9391,1.9008,486
ai_faces_1k,edge,0.8009,0.0585,1.5944,1.9628,728
ai_faces_1k,edge,0.7534,0.0746,0.9665,2.3307,801
ai_faces_1k,edge,0.8615,0.0053,1.7642,1.6261,413
ai_faces_1k,edge,0.678,0.0613,1.5484,2.9259,1074
ai_faces_1k,edge,0.8765,0.0001,1.6352,1.3876,451
ai_faces_1k,edge,0.7698,0.0612,1.1849,1.9303,625
ai_faces_1k,edge,0.8524,0.0318,0.7021,1.6257,474
ai_faces_1k,edge,0.7374,0.0219,1.492,2.4806,957
ai_faces_1k,edge,0.87,0.0121,1.6129,1.4101,383
ai_faces_1k,edge,0.8306,0.0247,1.0166,1.8997,681
ai_faces_1k,edge,0.7073,0.0086,1.3826,2.8917,1086
ai_faces_1k,edge,0.7259,0.1086,1.8814,2.4901,913
ai_faces_1k,edge,0.6705,0.0407,1.6003,3.1527,1254
ai_faces_1k,edge,0.8091,0.0733,1.7286,1.7396,625
ai_faces_1k,edge,0.8854,0.0243,0.6862,1.2993,363
ai_faces_1k,edge,0.743,0.0704,1.2572,2.4143,720
ai_faces_1k,edge,0.8856,0.0417,1.5122,1.2649,305
ai_faces_1k,edge,0.8571,0.0182,1.6266,1.5549,512
ai_faces_1k,edge,0.903,0.0035,1.2771,1.1804,264
ai_faces_1k,edge,0.7894,0.0158,1.7067,2.0786,722
ai_faces_1k,edge,0.8038,0.0177,1.807,1.9597,670
ai_faces_1k,edge,0.7318,0.0631,1.9123,2.4066,890
ai_faces_1k,edge,0.8073,0.0215,1.552,1.8779,541
ai_faces_1k,edge,0.9154,0.0666,1.3497,0.8691,167
ai_faces_1k,edge,0.8123,0.1003,0.577,1.6878,433
ai_faces_1k,edge,0.8587,0.0142,1.4376,1.5665,446
ai_faces_1k,edge,0.8593,0.0419,0.805,1.5156,418
ai_faces_1k,edge,0.8353,0.0567,1.4877,1.5656,412
ai_faces_1k,edge,0.8811,0.0099,0.8439,1.4339,278
ai_faces_1k,edge,0.9109,0.0098,1.5575,1.1837,237
ai_faces_1k,edge,0.7975,0.0147,1.5316,2.0437,571
ai_faces_1k,edge,0.7307,0.0614,1.6209,2.7081,1192
ai_faces_1k,edge,0.8456,0.0658,1.0255,1.5967,536
ai_faces_1k,edge,0.9321,0.0115,1.0352,0.9242,130
ai_faces_1k,edge,0.7837,0.0179,1.351,2.162,806
ai_faces_1k,edge,0.8185,0.0379,1.6041,1.8746,645
ai_faces_1k,edge,0.8806,0.0126,1.4723,1.3911,324
ai_faces_1k,edge,0.7587,0.1301,1.8887,2.2264,966
ai_faces_1k,edge,0.8088,0.0125,0.8896,1.9054,549
ai_faces_1k,edge,0.8756,0.008,1.6427,1.5221,538
ai_faces_1k,edge,0.8215,0.0497,1.7078,1.9701,759
ai_faces_1k,edge,0.8317,0.0218,1.5685,1.7494,678
ai_faces_1k,edge,0.8133,0.0224,1.7191,1.974,600
ai_faces_1k,edge,0.787,0.099,1.6335,2.0735,760
ai_faces_1k,edge,0.8871,0.0095,1.4866,1.226,357
ai_faces_1k,edge,0.8323,0.0199,1.6318,1.7253,522
ai_faces_1k,edge,0.7249,0.057,0.6897,2.5076,989
ai_faces_1k,edge,0.8127,0.0238,2.069,2.106,836
ai_faces_1k,edge,0.8418,0.0258,1.8467,1.9128,630
ai_faces_1k,edge,0.7416,0.0168,1.2431,2.5971,865
ai_faces_1k,edge,0.8719,0.0649,1.0908,1.4743,543
ai_faces_1k,edge,0.9074,0.0205,1.6471,1.1121,358
ai_faces_1k,edge,0.8013,0.0679,0.7488,1.9303,599
ai_faces_1k,edge,0.8358,0.0195,1.408,1.7325,603
ai_faces_1k,edge,0.7758,0.114,0.7173,1.899,527
ai_faces_1k,edge,0.8053,0.0304,1.3553,1.8693,743
ai_faces_1k,edge,0.8431,0.031,1.8343,1.7809,528
ai_faces_1k,edge,0.8406,0.0478,1.439,1.7081,595
ai_faces_1k,edge,0.8975,0.0028,1.5266,1.3735,334
ai_faces_1k,edge,0.8429,0.014,1.6906,1.5864,386
ai_faces_1k,edge,0.9208,0.0138,1.3417,0.9971,218
ai_faces_1k,edge,0.7404,0.0601,1.3087,2.6144,1032
ai_faces_1k,edge,0.879,0.0204,1.5164,1.4623,349
ai_faces_1k,edge,0.8736,0.0323,1.6179,1.3943,322
ai_faces_1k,edge,0.8673,0.0007,0.5638,1.4713,370
ai_faces_1k,edge,0.8551,0.0114,1.2658,1.7538,580
ai_faces_1k,edge,0.8297,0.0268,1.5796,1.6983,462
ai_faces_1k,edge,0.7611,0.0814,1.5746,2.0636,620
ai_faces_1k,edge,0.8461,0.0032,0.8721,1.6982,551
ai_faces_1k,edge,0.8724,0.0122,1.3904,1.4044,412
ai_faces_1k,edge,0.862,0.0047,0.8443,1.6534,403
ai_faces_1k,edge,0.8521,0.0306,1.7254,1.6074,615
ai_faces_1k,edge,0.8944,0.0175,1.3393,1.1939,302
ai_faces_1k,edge,0.8718,0.0266,1.389,1.368,426
ai_faces_1k,edge,0.8013,0.0238,1.2845,1.9852,628
ai_faces_1k,edge,0.811,0.0099,1.8273,2.0526,678
ai_faces_1k,edge,0.7645,0.0233,1.6081,2.4281,957
ai_faces_1k,edge,0.8018,0.057,1.6418,2.1087,566
ai_faces_1k,edge,0.6992,0.0202,1.2895,2.539,911
ai_faces_1k,edge,0.8389,0.0345,1.7231,1.7062,502
ai_faces_1k,edge,0.872,0.0326,1.7033,1.5052,487
ai_faces_1k,edge,0.8185,0.0257,1.3274,1.866,694
ai_faces_1k,edge,0.7735,0.0174,1.7227,2.1812,835
ai_faces_1k,edge,0.7786,0.0877,1.5594,2.0729,761
ai_faces_1k,edge,0.8396,0.0522,1.5373,1.5369,532
ai_faces_1k,edge,0.8718,0.0285,1.2894,1.4471,408
ai_faces_1k,edge,0.7846,0.0127,1.4659,2.1237,682
ai_faces_1k,edge,0.9126,0.0008,1.4565,0.9775,266
ai_faces_1k,edge,0.7699,0.082,0.7704,2.4065,844
ai_faces_1k,edge,0.8228,0.0729,1.8044,1.5902,447
ai_faces_1k,edge,0.7959,0.0531,1.5201,1.9222,474
ai_faces_1k,edge,0.8981,0.0168,1.1993,1.2816,259
ai_faces_1k,edge,0.9036,0.0107,1.3715,1.1675,230
ai_faces_1k,edge,0.9256,0.0042,1.6624,0.9634,217
ai_faces_1k,edge,0.8725,0.0049,1.4223,1.4516,370
ai_faces_1k,edge,0.8808,0.0128,1.1974,1.4671,360
ai_faces_1k,edge,0.785,0.0156,1.8598,2.0247,651
ai_faces_1k,edge,0.8901,0.0159,1.6494,1.2814,295
ai_faces_1k,edge,0.8065,0.0975,1.6115,1.7636,623
ai_faces_1k,edge,0.8109,0.0421,1.067,1.9088,699
ai_faces_1k,edge,0.7751,0.06,0.7704,2.2953,680
ai_faces_1k,edge,0.8007,0.0075,1.2484,1.8454,591
ai_faces_1k,edge,0.809,0.0448,1.7808,1.9475,542
ai_faces_1k,edge,0.8148,0.0245,0.9641,2.1055,684
ai_faces_1k,edge,0.7912,0.0591,1.0383,2.1045,785
ai_faces_1k,edge,0.8205,0.0286,1.6018,1.8624,603
ai_faces_1k,edge,0.87,0.0288,1.6949,1.4943,424
ai_faces_1k,edge,0.8208,0.092,0.9847,1.6724,589
ai_faces_1k,edge,0.8128,0.1228,1.7998,1.7129,595
ai_faces_1k,edge,0.7869,0.0166,1.5714,2.058,701
ai_faces_1k,edge,0.7834,0.0601,1.9383,2.1021,748
ai_faces_1k,edge,0.875,0.0103,1.6822,1.383,290
ai_faces_1k,edge,0.8626,0.0069,0.7025,1.5609,558
ai_faces_1k,edge,0.872,0.0185,1.7073,1.6352,471
ai_faces_1k,edge,0.804,0.0325,1.4351,1.9567,702
ai_faces_1k,edge,0.6959,0.0908,1.709,2.66,857
ai_faces_1k,edge,0.8186,0.0369,1.2533,1.7822,456
ai_faces_1k,edge,0.7937,0.0839,1.5599,2.0927,601
ai_faces_1k,edge,0.8877,0.0095,1.1211,1.273,312
ai_faces_1k,edge,0.7297,0.0552,1.4479,2.4873,838
ai_faces_1k,edge,0.8356,0.0189,1.1128,1.7383,532
ai_faces_1k,edge,0.8742,0.0324,1.6352,1.3698,245
ai_faces_1k,edge,0.9046,0.0418,1.5696,1.0787,212
ai_faces_1k,edge,0.9268,0.0125,1.2707,1.0022,214
ai_faces_1k,edge,0.893,0.0058,0.5188,1.4068,424
ai_faces_1k,edge,0.6749,0.0203,1.466,3.0913,1264
ai_faces_1k,edge,0.8675,0.0107,1.577,1.5995,512
ai_faces_1k,edge,0.8372,0.0784,1.4634,1.59,569
ai_faces_1k,edge,0.8499,0.0275,0.8469,1.6387,630
ai_faces_1k,edge,0.8282,0.003,1.8579,1.8564,688
ai_faces_1k,edge,0.8877,0.0157,0.8874,1.4789,486
ai_faces_1k,edge,0.7543,0.0148,1.3962,2.4028,960
ai_faces_1k,edge,0.7688,0.0887,1.766,2.1918,827
ai_faces_1k,edge,0.8907,0.0455,1.6875,1.1885,274
ai_faces_1k,edge,0.8687,0.0186,1.607,1.4968,387
ai_faces_1k,edge,0.8773,0.0249,1.4112,1.3412,373
ai_faces_1k,edge,0.9051,0.0021,1.231,1.2875,334
ai_faces_1k,edge,0.7721,0.0392,1.3257,2.3019,688
ai_faces_1k,edge,0.8625,0.0143,1.7217,1.4591,460
ai_faces_1k,edge,0.7404,0.0161,1.2932,2.3451,909
ai_faces_1k,edge,0.7171,0.0434,1.7511,2.6003,999
ai_faces_1k,edge,0.6508,0.0608,1.2689,3.235,1242
ai_faces_1k,edge,0.8351,0.0021,0.83,1.6136,474
ai_faces_1k,edge,0.8366,0.0012,0.98,1.8514,616
ai_faces_1k,edge,0.7261,0.0104,1.6074,2.5915,908
ai_faces_1k,edge,0.8654,0.0028,1.7074,1.5341,446
ai_faces_1k,edge,0.7779,0.0143,1.4265,2.2213,820
ai_faces_1k,edge,0.822,0.0051,0.6357,1.7622,486
ai_faces_1k,edge,0.8405,0.0139,1.8018,1.8155,590
ai_faces_1k,edge,0.8366,0.0438,1.3999,1.7468,428
ai_faces_1k,edge,0.8571,0.0005,1.6987,1.538,445
ai_faces_1k,edge,0.8636,0.0091,0.8354,1.6184,445
ai_faces_1k,edge,0.8468,0.0629,1.6521,1.6946,497
ai_faces_1k,edge,0.8434,0.0182,1.7311,1.7122,687
ai_faces_1k,edge,0.8416,0.0187,1.1112,1.7044,501
ai_faces_1k,edge,0.8428,0.0474,1.4615,1.7041,518
ai_faces_1k,edge,0.733,0.0565,1.6603,2.4794,952
ai_faces_1k,edge,0.8291,0.0005,0.8974,1.9176,668
ai_faces_1k,edge,0.8917,0.028,1.6555,1.2336,414
ai_faces_1k,edge,0.7916,0.0532,0.9822,2.2697,646
ai_faces_1k,edge,0.8197,0.0559,1.6246,1.9136,618
ai_faces_1k,edge,0.8603,0.0795,1.6849,1.4105,334
ai_faces_1k,edge,0.9,0.0044,1.4253,1.293,318
ai_faces_1k,edge,0.8039,0.0038,1.0772,1.9089,750
ai_faces_1k,edge,0.8657,0.0212,0.9911,1.4756,508
ai_faces_1k,edge,0.8647,0.0001,1.0439,1.455,302
ai_faces_1k,edge,0.9059,0.0109,1.0123,1.332,281
ai_faces_1k,edge,0.8378,0.0166,0.9391,1.8724,499
ai_faces_1k,edge,0.7262,0.0006,0.8948,2.8566,1133
ai_faces_1k,edge,0.8863,0.0252,1.7164,1.2871,334
ai_faces_1k,edge,0.7556,0.0867,1.6483,2.3258,980
ai_faces_1k,edge,0.9102,0.0173,1.6538,1.2999,326
ai_faces_1k,edge,0.8284,0.0181,1.3117,1.9727,672
ai_faces_1k,edge,0.6255,0.0929,1.9335,2.7881,716
ai_faces_1k,edge,0.821,0.0258,1.8285,1.8461,625
ai_faces_1k,edge,0.7597,0.0364,1.5778,2.3074,986
ai_faces_1k,edge,0.8909,0.0017,0.9553,1.4364,328
ai_faces_1k,edge,0.7349,0.022,1.2866,2.4695,995
ai_faces_1k,edge,0.9018,0.0161,1.7016,1.2979,368
ai_faces_1k,edge,0.8528,0.0193,0.5749,1.6401,658
ai_faces_1k,edge,0.7684,0.0111,1.8836,2.138,964
ai_faces_1k,edge,0.768,0.0638,1.0469,1.9969,515
ai_faces_1k,edge,0.8632,0.0379,1.7196,1.6264,426
ai_faces_1k,edge,0.8033,0.0006,1.6127,2.0835,735
ai_faces_1k,edge,0.8492,0.0271,1.7689,1.6422,587
ai_faces_1k,edge,0.8293,0.0103,1.3831,1.9362,698
ai_faces_1k,edge,0.8566,0.0317,1.3581,1.5914,448
ai_faces_1k,edge,0.7663,0.0693,1.0576,2.1997,854
ai_faces_1k,edge,0.8172,0.0206,1.3656,1.8371,559
ai_faces_1k,edge,0.7782,0.036,1.7953,2.0803,756
ai_faces_1k,edge,0.8729,0.0584,1.7314,1.3831,465
ai_faces_1k,edge,0.8282,0.0632,1.6625,1.7255,581
ai_faces_1k,edge,0.8012,0.0061,0.8058,2.1214,729
ai_faces_1k,edge,0.864,0.0475,1.4723,1.5249,406
ai_faces_1k,edge,0.6814,0.0308,1.4692,2.7604,955
ai_faces_1k,edge,0.7699,0.0038,1.726,2.4375,1102
ai_faces_1k,edge,0.8814,0.0053,1.7784,1.5533,521
ai_faces_1k,edge,0.8178,0.0127,0.6984,1.9555,661
ai_faces_1k,edge,0.7166,0.1685,1.0824,2.2914,815
ai_faces_1k,edge,0.891,0.0248,1.0864,1.2982,422
ai_faces_1k,edge,0.8217,0.0458,1.1241,1.7617,526
ai_faces_1k,edge,0.8633,0.012,1.6933,1.6967,550
ai_faces_1k,edge,0.8678,0.022,0.7442,1.3245,360
ai_faces_1k,edge,0.6959,0.0043,1.542,2.8617,988
ai_faces_1k,edge,0.7323,0.0213,1.3305,2.4393,866
ai_faces_1k,edge,0.7602,0.1638,0.6238,1.859,629
ai_faces_1k,edge,0.6823,0.1201,0.6751,2.4057,691
ai_faces_1k,edge,0.8656,0.017,1.6982,1.3891,414
ai_faces_1k,edge,0.9094,0.0273,1.6796,1.104,242
ai_faces_1k,edge,0.8316,0.0233,0.8282,1.7169,573
ai_faces_1k,edge,0.8453,0.0257,1.7207,1.7311,514
ai_faces_1k,edge,0.7237,0.0086,1.0749,2.4652,825
ai_faces_1k,edge,0.8005,0.0093,1.8264,2.0244,642
ai_faces_1k,edge,0.7533,0.0728,0.9277,2.2524,772
ai_faces_1k,edge,0.7704,0.0466,1.3102,2.1851,644
ai_faces_1k,edge,0.8318,0.0331,1.6509,1.79,714
ai_faces_1k,edge,0.7816,0.0183,1.8311,2.2258,733
ai_faces_1k,edge,0.8708,0.0069,0.9556,1.3851,377
ai_faces_1k,edge,0.8416,0.004,1.5134,1.7153,377
ai_faces_1k,edge,0.7036,0.0869,1.1994,2.566,775
ai_faces_1k,edge,0.8739,0.0128,1.7636,1.4861,447
ai_faces_1k,edge,0.7005,0.0819,0.4381,2.6672,726
ai_faces_1k,edge,0.9009,0.0269,0.7534,1.0784,239
ai_faces_1k,edge,0.8321,0.0337,0.7161,1.7518,599
ai_faces_1k,edge,0.8192,0.0859,0.5037,1.6002,512
ai_faces_1k,edge,0.7967,0.0546,1.3958,2.0538,693
ai_faces_1k,edge,0.9072,0.0415,1.5349,1.1337,281
ai_faces_1k,edge,0.8557,0.038,1.4225,1.583,411
ai_faces_1k,edge,0.6936,0.0177,0.8534,2.7441,1048
ai_faces_1k,edge,0.8142,0.0125,1.8184,2.0604,789
ai_faces_1k,edge,0.825,0.0119,1.7297,1.8624,471
ai_faces_1k,edge,0.8688,0.0315,1.5464,1.4097,499
ai_faces_1k,edge,0.8303,0.0374,1.3048,1.6934,580
ai_faces_1k,edge,0.8361,0.0187,1.188,1.8287,727
ai_faces_1k,edge,0.754,0.049,1.9146,2.5188,1173
ai_faces_1k,edge,0.7271,0.0427,1.4154,2.7457,1237
ai_faces_1k,edge,0.7761,0.0527,1.5889,2.1957,826
ai_faces_1k,edge,0.724,0.0713,1.3199,2.5388,919
ai_faces_1k,edge,0.9185,0.0074,1.521,1.0025,224
ai_faces_1k,edge,0.9113,0.0124,1.3895,1.178,254
ai_faces_1k,edge,0.9237,0.0136,1.3185,0.9243,267
ai_faces_1k,edge,0.7602,0.106,1.644,2.1316,681
ai_faces_1k,edge,0.875,0.0074,1.5479,1.4858,335
ai_faces_1k,edge,0.8319,0.001,1.7095,1.8949,529
ai_faces_1k,edge,0.8758,0.008,1.6862,1.4426,493
ai_faces_1k,edge,0.8141,0.0446,1.2414,1.9168,704
ai_faces_1k,edge,0.804,0.0022,1.8412,2.0581,710
ai_faces_1k,edge,0.6937,0.1392,1.9126,2.5413,683
ai_faces_1k,edge,0.8584,0.0069,1.2955,1.6028,423
ai_faces_1k,edge,0.7492,0.0909,1.2572,2.3755,735
ai_faces_1k,edge,0.8299,0.0116,1.7188,1.8375,565
ai_faces_1k,edge,0.8807,0.0203,1.2999,1.4217,356
ai_faces_1k,edge,0.8071,0.0413,1.5316,1.8822,585
ai_faces_1k,edge,0.8954,0.0004,0.8529,1.5242,338
ai_faces_1k,edge,0.8745,0.0194,1.7124,1.4979,387
ai_faces_1k,edge,0.8804,0.0111,1.1175,1.4843,432
ai_faces_1k,edge,0.9162,0.0152,1.2362,0.9867,251
ai_faces_1k,edge,0.9152,0.0049,1.5111,1.1539,298
ai_faces_1k,edge,0.7684,0.0496,1.0813,2.4605,956
ai_faces_1k,edge,0.8758,0.032,1.6754,1.3895,344
ai_faces_1k,edge,0.7688,0.0062,0.703,2.4121,877
ai_faces_1k,edge,0.7409,0.026,1.6616,2.3033,700
ai_faces_1k,edge,0.869,0.0226,1.7301,1.5339,448
ai_faces_1k,edge,0.7211,0.0323,1.6907,2.7368,1006
ai_faces_1k,edge,0.8898,0.0316,1.6279,1.1489,339
ai_faces_1k,edge,0.696,0.0525,0.9501,2.7838,1250
ai_faces_1k,edge,0.8675,0.0109,1.4226,1.3825,367
ai_faces_1k,edge,0.7385,0.0792,0.6607,2.1216,466
ai_faces_1k,edge,0.886,0.0028,1.6188,1.4162,308
ai_faces_1k,edge,0.8138,0.0036,1.32,1.9761,630
ai_faces_1k,edge,0.7137,0.0685,1.4729,2.7604,1373
ai_faces_1k,edge,0.8396,0.0754,1.8043,1.5953,569
ai_faces_1k,edge,0.7532,0.1074,0.9053,2.1304,625
ai_faces_1k,edge,0.7794,0.0113,0.5395,2.2232,712
ai_faces_1k,edge,0.7946,0.0584,1.6425,2.039,699
ai_faces_1k,edge,0.8049,0.0171,1.7764,2.0587,734
ai_faces_1k,edge,0.7026,0.0571,1.706,2.8063,1096
ai_faces_1k,edge,0.849,0.1062,0.6737,1.388,390
ai_faces_1k,edge,0.7523,0.0424,1.4737,2.1636,895
ai_faces_1k,edge,0.8635,0.0165,1.6276,1.5364,462
ai_faces_1k,edge,0.872,0.0144,1.6479,1.41,333
ai_faces_1k,edge,0.8007,0.0408,1.0656,1.7322,499
ai_faces_1k,edge,0.8313,0.0387,1.7711,1.7327,560
ai_faces_1k,edge,0.8345,0.0386,1.7744,1.9155,602
ai_faces_1k,edge,0.8952,0.0059,0.9663,1.1738,277
ai_faces_1k,edge,0.8352,0.0294,1.358,1.6113,396
ai_faces_1k,edge,0.8623,0.0062,0.5947,1.512,497
ai_faces_1k,edge,0.8672,0.0017,1.2784,1.473,480
ai_faces_1k,edge,0.8938,0.0095,1.5665,1.4032,456
ai_faces_1k,edge,0.8616,0.0228,1.5152,1.6442,559
ai_faces_1k,edge,0.7809,0.0453,0.8963,2.1601,791
ai_faces_1k,edge,0.9044,0.014,0.7297,1.0982,262
ai_faces_1k,edge,0.8442,0.0123,1.7009,1.5902,483
ai_faces_1k,edge,0.7259,0.093,1.7327,2.571,1122
ai_faces_1k,edge,0.8624,0.0457,0.9529,1.5676,518
ai_faces_1k,edge,0.8463,0.022,0.9599,1.6046,472
ai_faces_1k,edge,0.7663,0.057,1.3473,2.3434,1055
ai_faces_1k,edge,0.8672,0.0205,1.6913,1.4558,348
ai_faces_1k,edge,0.8704,0.0193,1.6176,1.4288,465
ai_faces_1k,edge,0.8231,0.0113,1.2486,1.9573,632
ai_faces_1k,edge,0.8554,0.0087,1.7107,1.7115,547
ai_faces_1k,edge,0.7927,0.0419,0.8488,2.1755,754
ai_faces_1k,edge,0.7968,0.0314,1.0891,2.195,729
ai_faces_1k,edge,0.8393,0.0059,0.9558,1.7949,640
ai_faces_1k,edge,0.8923,0.0009,1.6399,1.1204,214
ai_faces_1k,edge,0.7342,0.0276,1.7558,2.5998,1060
ai_faces_1k,edge,0.8058,0.0284,0.9953,2.0064,699
ai_faces_1k,edge,0.8325,0.0178,0.982,1.6629,465
ai_faces_1k,edge,0.6863,0.0319,1.495,2.948,1230
ai_faces_1k,edge,0.9004,0.0131,1.5259,1.2311,247
ai_faces_1k,edge,0.7596,0.0613,1.4208,2.4175,970
ai_faces_1k,edge,0.8452,0.0384,1.6131,1.7933,551
ai_faces_1k,edge,0.8563,0.0817,0.512,1.4152,443
ai_faces_1k,edge,0.8479,0.0367,1.558,1.5194,461
ai_faces_1k,edge,0.8646,0.0411,1.3364,1.4896,305
ai_faces_1k,edge,0.8392,0.038,1.0852,1.6531,588
ai_faces_1k,edge,0.7931,0.0562,1.6738,2.0505,625
ai_faces_1k,edge,0.7377,0.1611,0.9796,2.0711,496
ai_faces_1k,edge,0.8979,0.0072,1.5125,1.2027,193
ai_faces_1k,edge,0.7853,0.0458,0.7273,2.0451,711
ai_faces_1k,edge,0.6134,0.036,1.7228,3.3365,1314
ai_faces_1k,edge,0.7557,0.0823,2.0892,2.5423,996
ai_faces_1k,edge,0.86,0.0174,1.6156,1.5452,472
ai_faces_1k,edge,0.86,0.0089,1.3332,1.6865,517
ai_faces_1k,edge,0.8079,0.0143,1.8048,2.1314,825
ai_faces_1k,edge,0.6363,0.0138,1.3689,2.9351,1117
ai_faces_1k,edge,0.8782,0.0328,1.4078,1.3022,397
ai_faces_1k,edge,0.8103,0.1285,0.7296,1.6643,574
ai_faces_1k,edge,0.8623,0.022,1.7343,1.5825,417
ai_faces_1k,edge,0.7469,0.0267,1.2433,2.5225,1033
ai_faces_1k,edge,0.8542,0.0022,0.582,1.6677,615
ai_faces_1k,edge,0.8173,0.0037,1.344,1.933,628
ai_faces_1k,edge,0.8009,0.0023,1.2348,2.1181,811
ai_faces_1k,edge,0.749,0.0693,0.8947,2.3088,897
ai_faces_1k,edge,0.8631,0.006,1.3638,1.6422,618
ai_faces_1k,edge,0.7512,0.0615,1.6967,2.4598,857
ai_faces_1k,edge,0.8018,0.0812,1.6143,1.7382,742
ai_faces_1k,edge,0.8083,0.003,1.813,1.9511,662
ai_faces_1k,edge,0.8455,0.0453,0.8457,1.5447,562
ai_faces_1k,edge,0.8815,0.04,1.6559,1.6034,501
ai_faces_1k,edge,0.9286,0.0065,1.3,0.8426,262
ai_faces_1k,edge,0.8011,0.0005,1.7837,1.8828,547
ai_faces_1k,edge,0.8262,0.0639,1.6738,1.8859,657
ai_faces_1k,edge,0.8549,0.0544,1.0529,1.4826,484
ai_faces_1k,edge,0.8432,0.0262,1.2343,1.8719,612
ai_faces_1k,edge,0.7738,0.0615,1.7791,2.2434,747
ai_faces_1k,edge,0.8855,0.0387,0.9169,1.2464,330
ai_faces_1k,edge,0.8593,0.0009,1.5111,1.7127,529
ai_faces_1k,edge,0.8721,0.0107,1.3306,1.4836,382
ai_faces_1k,edge,0.8281,0.0068,1.5878,1.8855,705
ai_faces_1k,edge,0.8281,0.0289,0.8873,1.7104,535
ai_faces_1k,edge,0.8684,0.0031,0.7747,1.3879,395
ai_faces_1k,edge,0.8006,0.052,1.58,1.8281,587
ai_faces_1k,edge,0.9109,0.0078,1.6354,1.2029,281
ai_faces_1k,edge,0.866,0.0375,0.6944,1.4385,326
ai_faces_1k,edge,0.7163,0.0374,1.8334,2.5848,988
ai_faces_1k,edge,0.8102,0.0551,1.7114,1.8056,471
ai_faces_1k,edge,0.8309,0.0031,0.7802,1.8523,610
ai_faces_1k,edge,0.8488,0.0167,1.4535,1.7457,495
ai_faces_1k,edge,0.8055,0.0296,1.0956,2.1302,735
ai_faces_1k,edge,0.8795,0.0303,1.7009,1.4545,534
ai_faces_1k,edge,0.8682,0.0089,1.6761,1.5093,389
ai_faces_1k,edge,0.8111,0.0161,1.7551,2.0287,616
ai_faces_1k,edge,0.7951,0.0784,1.3542,2.035,596
ai_faces_1k,edge,0.8614,0.0243,1.1026,1.5803,571
ai_faces_1k,edge,0.7783,0.0448,1.6145,2.0236,606
ai_faces_1k,edge,0.8305,0.0047,1.027,1.8778,593
ai_faces_1k,edge,0.7864,0.0015,1.86,2.0167,628
ai_faces_1k,edge,0.827,0.0028,1.0535,1.9038,532
ai_faces_1k,edge,0.7969,0.0446,1.5415,2.0611,714
ai_faces_1k,edge,0.8917,0.014,1.4196,1.324,363
ai_faces_1k,edge,0.8708,0.0267,1.0403,1.5249,454
ai_faces_1k,edge,0.8681,0.0269,0.6731,1.4899,469
ai_faces_1k,edge,0.7977,0.0016,0.7848,2.125,715
ai_faces_1k,edge,0.8101,0.0702,0.9928,1.8207,498
ai_faces_1k,edge,0.7413,0.1494,0.5245,2.073,580
ai_faces_1k,edge,0.7747,0.0464,1.5884,2.0712,701
ai_faces_1k,edge,0.7965,0.0979,1.768,1.9518,557
ai_faces_1k,edge,0.8434,0.0276,1.106,1.685,584
ai_faces_1k,edge,0.7832,0.0102,1.7991,2.1469,838
ai_faces_1k,edge,0.7806,0.0103,0.7765,2.2331,864
ai_faces_1k,edge,0.8462,0.0277,1.117,1.5916,368
ai_faces_1k,edge,0.8483,0.0475,1.45,1.8324,683
ai_faces_1k,edge,0.8081,0.0035,1.3814,1.9929,623
ai_faces_1k,edge,0.8292,0.0371,1.7541,1.8355,595
ai_faces_1k,edge,0.8306,0.0259,1.2094,1.7377,494
ai_faces_1k,edge,0.8095,0.0046,1.7544,1.9982,627
ai_faces_1k,edge,0.9209,0.0161,1.2208,0.9833,215
ai_faces_1k,edge,0.854,0.0332,1.4214,1.4821,411
ai_faces_1k,edge,0.8376,0.0443,1.7608,1.7082,510
ai_faces_1k,edge,0.8534,0.0256,1.6357,1.545,517
ai_faces_1k,edge,0.8442,0.0021,0.8014,1.8057,595
ai_faces_1k,edge,0.8331,0.0659,1.8198,1.5282,496
ai_faces_1k,edge,0.7964,0.0023,1.3546,2.1839,726
ai_faces_1k,edge,0.8259,0.0675,1.5028,1.6551,478
ai_faces_1k,edge,0.8771,0.0575,1.5238,1.2348,336
ai_faces_1k,edge,0.8264,0.0776,1.6312,1.7058,577
ai_faces_1k,edge,0.7291,0.0897,1.3329,2.3747,889
ai_faces_1k,edge,0.8604,0.059,1.7455,1.5151,455
ai_faces_1k,edge,0.9266,0.0032,1.3909,0.9889,181
ai_faces_1k,edge,0.8727,0.024,0.7444,1.333,527
ai_faces_1k,edge,0.8439,0.0549,1.6525,1.7003,627
ai_faces_1k,edge,0.8781,0.0472,1.4712,1.3654,384
ai_faces_1k,edge,0.8996,0.0135,1.5387,1.2282,359
ai_faces_1k,edge,0.8791,0.0053,1.6849,1.4623,430
ai_faces_1k,edge,0.8693,0.027,1.1055,1.3729,461
ai_faces_1k,edge,0.8424,0.0034,0.9866,1.7792,570
ai_faces_1k,edge,0.77,0.0319,0.9435,2.197,670
ai_faces_1k,edge,0.821,0.0853,1.5851,1.6521,624
ai_faces_1k,edge,0.79,0.0352,1.4647,2.1146,728
ai_faces_1k,edge,0.6636,0.1154,1.7731,2.8255,1182
ai_faces_1k,edge,0.836,0.0059,1.7272,1.8101,634
ai_faces_1k,edge,0.8957,0.0289,1.6287,1.1927,399
ai_faces_1k,edge,0.6983,0.1608,0.7485,2.4599,825
ai_faces_1k,edge,0.7785,0.0525,1.2072,2.1277,670
ai_faces_1k,edge,0.7948,0.0716,1.8314,2.1891,788
ai_faces_1k,edge,0.8009,0.0449,0.6362,1.9982,466
ai_faces_1k,edge,0.8264,0.0345,1.6966,1.8956,648
ai_faces_1k,edge,0.8187,0.0027,1.5504,1.9313,766
ai_faces_1k,edge,0.8958,0.0129,1.6213,1.1427,288
ai_faces_1k,edge,0.7259,0.0389,1.5264,2.6947,975
ai_faces_1k,edge,0.8744,0.0209,1.6168,1.4082,429
ai_faces_1k,edge,0.7891,0.0173,1.7289,2.3364,1007
ai_faces_1k,edge,0.8915,0.0167,1.736,1.2748,385
ai_faces_1k,edge,0.8513,0.036,1.5767,1.7691,782
ai_faces_1k,edge,0.7667,0.0212,1.8637,2.2813,890
ai_faces_1k,edge,0.906,0.026,0.9915,1.2756,438
ai_faces_1k,edge,0.8319,0.0061,0.4056,1.7891,638
ai_faces_1k,edge,0.8348,0.0312,1.6278,1.8129,744
ai_faces_1k,edge,0.8874,0.0079,1.6151,1.3381,327
ai_faces_1k,edge,0.8613,0.0061,1.8025,1.7808,622
ai_faces_1k,edge,0.7629,0.0749,1.1431,2.2676,699
ai_faces_1k,edge,0.8883,0.0006,1.3749,1.3851,466
ai_faces_1k,edge,0.9147,0.0004,1.4871,1.1596,286
ai_faces_1k,edge,0.8706,0.0177,0.8757,1.4414,451
ai_faces_1k,edge,0.8598,0.0195,1.6742,1.3905,384
ai_faces_1k,edge,0.8501,0.0173,1.7164,1.7654,632
ai_faces_1k,edge,0.8938,0.0115,0.6973,1.2514,388
ai_faces_1k,edge,0.7917,0.0189,1.7735,2.2716,956
ai_faces_1k,edge,0.8935,0.0252,1.4589,1.2022,351
ai_faces_1k,edge,0.7683,0.0914,0.8453,2.0382,731
ai_faces_1k,edge,0.7867,0.086,1.5039,1.8859,495
ai_faces_1k,edge,0.9154,0.0065,1.5398,1.0687,288
ai_faces_1k,edge,0.8904,0.0187,1.1139,1.3953,369
ai_faces_1k,edge,0.7203,0.0429,1.2863,2.7753,1245
ai_faces_1k,edge,0.8221,0.0291,0.8202,1.9269,592
ai_faces_1k,edge,0.8772,0.0444,1.671,1.4408,508
ai_faces_1k,edge,0.9066,0.0031,1.5846,1.1752,180
ai_faces_1k,edge,0.8218,0.0328,1.6166,1.9065,635
ai_faces_1k,edge,0.8173,0.01,1.6889,1.7466,533
ai_faces_1k,edge,0.7907,0.0596,1.3051,1.861,614
ai_faces_1k,edge,0.91,0.0039,1.6428,1.0638,219
ai_faces_1k,edge,0.8724,0.0027,1.4617,1.4667,321
ai_faces_1k,edge,0.9089,0.0262,1.3073,1.0548,299
ai_faces_1k,edge,0.92,0.0147,1.2064,1.0006,301
ai_faces_1k,edge,0.8838,0.005,1.3499,1.3758,399
ai_faces_1k,edge,0.8301,0.0625,1.2673,1.6991,486
ai_faces_1k,edge,0.735,0.0512,1.4815,2.5277,894
real_faces_1k,edge,0.8376,0.0075,0.5528,1.8248,511
real_faces_1k,edge,0.8488,0.0563,1.8145,1.5222,492
real_faces_1k,edge,0.8146,0.0113,1.5699,1.7939,604
real_faces_1k,edge,0.7899,0.0166,1.8033,2.1882,662
real_faces_1k,edge,0.8981,0.004,1.5844,1.2483,310
real_faces_1k,edge,0.8067,0.0931,0.7425,1.778,559
real_faces_1k,edge,0.8115,0.0719,1.3168,1.894,643
real_faces_1k,edge,0.8239,0.059,1.6751,1.6058,419
real_faces_1k,edge,0.7635,0.0519,1.19,2.2816,788
real_faces_1k,edge,0.7178,0.0475,1.894,2.4986,882
real_faces_1k,edge,0.8984,0.0002,1.2338,1.1297,310
real_faces_1k,edge,0.8499,0.0095,1.5485,1.729,504
real_faces_1k,edge,0.7501,0.0709,1.3216,2.2724,845
real_faces_1k,edge,0.8181,0.0491,0.7935,1.758,503
real_faces_1k,edge,0.7917,0.1484,1.6006,1.8062,597
real_faces_1k,edge,0.8537,0.0174,1.7579,1.5591,429
real_faces_1k,edge,0.8222,0.0618,1.479,1.7031,477
real_faces_1k,edge,0.7657,0.0713,1.0404,1.8947,521
real_faces_1k,edge,0.7884,0.046,1.3917,2.2082,911
real_faces_1k,edge,0.9115,0.0161,0.815,1.0569,277
real_faces_1k,edge,0.8077,0.0649,1.6939,1.9868,851
real_faces_1k,edge,0.8952,0.0366,0.7505,1.1608,311
real_faces_1k,edge,0.9173,0.0113,1.1587,1.0218,231
real_faces_1k,edge,0.9079,0.0231,1.5825,1.2287,346
real_faces_1k,edge,0.8505,0.0648,1.0148,1.5624,558
real_faces_1k,edge,0.8325,0.0496,0.8582,1.7816,515
real_faces_1k,edge,0.8458,0.0065,1.7804,1.7287,543
real_faces_1k,edge,0.8889,0.0039,1.6903,1.2381,354
real_faces_1k,edge,0.8334,0.0577,1.774,1.7312,516
real_faces_1k,edge,0.832,0.0975,0.6692,1.6655,521
real_faces_1k,edge,0.6176,0.1194,0.6945,2.9316,870
real_faces_1k,edge,0.8548,0.0094,1.7109,1.5513,479
real_faces_1k,edge,0.7524,0.0477,1.5153,2.4169,956
real_faces_1k,edge,0.8141,0.0639,1.4992,1.7111,556
real_faces_1k,edge,0.8182,0.0367,1.2396,1.8805,740
real_faces_1k,edge,0.7779,0.0274,1.8395,2.2875,791
real_faces_1k,edge,0.7429,0.0113,0.8298,2.5538,1223
real_faces_1k,edge,0.754,0.0791,0.8854,2.3566,819
real_faces_1k,edge,0.7855,0.0615,0.9513,1.993,627
real_faces_1k,edge,0.7545,0.0559,1.6184,2.4288,854
real_faces_1k,edge,0.8957,0.0152,0.9862,1.2257,334
real_faces_1k,edge,0.7378,0.0037,1.1809,2.3318,867
real_faces_1k,edge,0.7732,0.0022,1.7506,2.4595,1048
real_faces_1k,edge,0.8138,0.0218,1.6841,1.6973,529
real_faces_1k,edge,0.7653,0.0756,1.2565,2.0987,607
real_faces_1k,edge,0.8162,0.068,0.61,1.6586,474
real_faces_1k,edge,0.7278,0.0957,1.8458,2.2195,750
real_faces_1k,edge,0.8548,0.008,1.0887,1.7957,578
real_faces_1k,edge,0.6183,0.0552,1.7835,3.1193,1254
real_faces_1k,edge,0.8113,0.0386,1.0318,1.8204,537
real_faces_1k,edge,0.7603,0.1742,0.8333,1.8054,531
real_faces_1k,edge,0.9201,0.0319,1.3917,0.906,263
real_faces_1k,edge,0.7919,0.0085,1.3594,1.9363,657
real_faces_1k,edge,0.758,0.0867,1.5141,2.349,814
real_faces_1k,edge,0.88,0.0371,1.0206,1.2843,337
real_faces_1k,edge,0.8463,0.0445,1.5318,1.5549,510
real_faces_1k,edge,0.7867,0.0576,0.7483,2.1727,838
real_faces_1k,edge,0.809,0.0298,1.7109,2.016,838
real_faces_1k,edge,0.8697,0.013,1.435,1.5013,474
real_faces_1k,edge,0.8126,0.051,1.743,1.805,700
real_faces_1k,edge,0.8329,0.0419,1.5776,1.6104,484
real_faces_1k,edge,0.9027,0.0081,1.6331,1.2753,499
real_faces_1k,edge,0.7595,0.0542,1.6757,2.4126,859
real_faces_1k,edge,0.8216,0.0006,0.6397,1.6702,441
real_faces_1k,edge,0.7732,0.0512,0.5875,1.9597,591
real_faces_1k,edge,0.7707,0.0693,1.7815,2.1141,630
real_faces_1k,edge,0.744,0.0354,1.6917,2.5471,959
real_faces_1k,edge,0.8755,0.038,1.4708,1.3185,294
real_faces_1k,edge,0.8948,0.0007,1.3611,1.1387,381
real_faces_1k,edge,0.8914,0.0361,1.3426,1.2492,361
real_faces_1k,edge,0.7998,0.0286,1.3376,2.0501,651
real_faces_1k,edge,0.8689,0.0172,1.1856,1.3745,374
real_faces_1k,edge,0.7884,0.1046,1.6016,1.787,624
real_faces_1k,edge,0.9421,0.0155,1.6496,0.7094,140
real_faces_1k,edge,0.6801,0.0304,0.8837,2.8473,1286
real_faces_1k,edge,0.8273,0.0121,1.5177,1.6785,506
real_faces_1k,edge,0.8375,0.0098,1.6035,1.9285,710
real_faces_1k,edge,0.7885,0.0792,1.5466,1.8992,678
real_faces_1k,edge,0.755,0.0816,1.3692,2.2055,875
real_faces_1k,edge,0.8869,0.0406,1.5208,1.1453,317
real_faces_1k,edge,0.8381,0.0005,1.4311,1.7402,300
real_faces_1k,edge,0.7208,0.0767,0.8831,2.688,1057
real_faces_1k,edge,0.666,0.0566,1.1028,2.7575,964
real_faces_1k,edge,0.6525,0.1419,1.6941,2.6612,945
real_faces_1k,edge,0.8909,0.0127,1.7248,1.3016,440
real_faces_1k,edge,0.7537,0.0462,1.3892,2.3092,1002
real_faces_1k,edge,0.8505,0.013,1.6995,1.7054,605
real_faces_1k,edge,0.8375,0.0024,0.7548,1.8202,620
real_faces_1k,edge,0.8627,0.0236,0.9881,1.522,458
real_faces_1k,edge,0.7638,0.1409,1.842,2.0092,714
real_faces_1k,edge,0.7969,0.117,1.6944,1.7021,551
real_faces_1k,edge,0.8408,0.0292,0.6459,1.5062,411
real_faces_1k,edge,0.8541,0.0008,1.479,1.6955,553
real_faces_1k,edge,0.8591,0.0109,1.6529,1.6456,542
real_faces_1k,edge,0.7521,0.0565,1.428,2.2451,763
real_faces_1k,edge,0.7915,0.0405,0.9837,2.0308,607
real_faces_1k,edge,0.8209,0.029,1.6985,1.8706,567
real_faces_1k,edge,0.8663,0.0346,1.5572,1.5886,392
real_faces_1k,edge,0.8794,0.0018,1.7769,1.3397,385
real_faces_1k,edge,0.7485,0.0568,0.8237,2.5228,1173
real_faces_1k,edge,0.7833,0.0134,0.8807,2.1171,791
real_faces_1k,edge,0.8636,0.0354,1.51,1.4065,389
real_faces_1k,edge,0.8582,0.0638,1.174,1.4599,420
real_faces_1k,edge,0.8436,0.0303,1.615,1.572,399
real_faces_1k,edge,0.7869,0.0334,1.5907,2.155,778
real_faces_1k,edge,0.9103,0.006,1.6676,1.0964,208
real_faces_1k,edge,0.7983,0.0241,1.157,1.917,713
real_faces_1k,edge,0.8609,0.047,1.6648,1.4723,464
real_faces_1k,edge,0.8434,0.0304,1.7586,1.662,507
real_faces_1k,edge,0.8119,0.0377,1.3331,1.7974,499
real_faces_1k,edge,0.8976,0.0211,0.874,1.1574,297
real_faces_1k,edge,0.8182,0.0649,1.7912,1.8586,771
real_faces_1k,edge,0.8781,0.0236,1.0945,1.1716,277
real_faces_1k,edge,0.7509,0.0448,0.6582,2.4468,973
real_faces_1k,edge,0.8433,0.0475,0.9046,1.5226,411
real_faces_1k,edge,0.6304,0.0159,1.1431,3.017,1219
real_faces_1k,edge,0.6981,0.0313,1.6722,2.6978,853
real_faces_1k,edge,0.9108,0.0469,0.726,0.996,218
real_faces_1k,edge,0.8729,0.0082,1.4701,1.3492,357
real_faces_1k,edge,0.7535,0.0354,1.1598,2.2457,778
real_faces_1k,edge,0.7678,0.0104,1.787,2.2035,805
real_faces_1k,edge,0.7484,0.0149,1.8774,2.4515,950
real_faces_1k,edge,0.803,0.102,1.6414,1.7117,465
real_faces_1k,edge,0.699,0.0121,0.9419,2.5196,967
real_faces_1k,edge,0.8733,0.0148,0.8095,1.6957,536
real_faces_1k,edge,0.7374,0.0548,1.4802,2.4165,960
real_faces_1k,edge,0.7311,0.0636,0.8432,2.501,930
real_faces_1k,edge,0.7788,0.059,1.822,2.1472,792
real_faces_1k,edge,0.7366,0.0324,0.6362,2.2737,876
real_faces_1k,edge,0.798,0.0232,1.8041,2.0119,655
real_faces_1k,edge,0.8151,0.031,1.8266,1.875,683
real_faces_1k,edge,0.7989,0.034,1.3535,1.7809,697
real_faces_1k,edge,0.8377,0.0596,1.6452,1.5793,482
real_faces_1k,edge,0.7575,0.0662,1.1781,2.3931,855
real_faces_1k,edge,0.8322,0.0437,1.688,1.6196,514
real_faces_1k,edge,0.8233,0.0451,1.6054,1.7469,627
real_faces_1k,edge,0.9054,0.0536,1.5888,1.1279,290
real_faces_1k,edge,0.8689,0.0025,1.7067,1.5143,428
real_faces_1k,edge,0.8485,0.024,1.7309,1.676,482
real_faces_1k,edge,0.8649,0.039,0.9993,1.6037,592
real_faces_1k,edge,0.7593,0.1467,1.3785,1.9089,581
real_faces_1k,edge,0.8576,0.0466,1.0515,1.3975,459
real_faces_1k,edge,0.8417,0.0084,0.8686,1.7076,571
real_faces_1k,edge,0.8842,0.0287,1.6063,1.4135,391
real_faces_1k,edge,0.9528,0.001,1.4728,0.7753,120
real_faces_1k,edge,0.8345,0.0276,1.7555,1.7339,518
real_faces_1k,edge,0.8934,0.0104,1.7294,1.3249,408
real_faces_1k,edge,0.8681,0.0171,1.0357,1.565,422
real_faces_1k,edge,0.8286,0.0771,1.6215,1.638,482
real_faces_1k,edge,0.8521,0.0061,1.4851,1.6108,369
real_faces_1k,edge,0.8238,0.0599,0.9814,1.6958,587
real_faces_1k,edge,0.8692,0.0393,0.7213,1.4981,397
real_faces_1k,edge,0.9025,0.0352,1.6261,1.1454,274
real_faces_1k,edge,0.7663,0.0313,1.3461,2.2202,968
real_faces_1k,edge,0.835,0.0501,1.2423,1.5185,393
real_faces_1k,edge,0.9107,0.0063,1.6243,1.0795,331
real_faces_1k,edge,0.7619,0.1148,1.3319,2.3271,982
real_faces_1k,edge,0.8692,0.0123,1.7027,1.4002,360
real_faces_1k,edge,0.7654,0.0705,1.6358,1.9098,543
real_faces_1k,edge,0.8975,0.0411,1.0185,1.1123,341
real_faces_1k,edge,0.8798,0.0312,1.3386,1.3682,479
real_faces_1k,edge,0.8913,0.0437,1.2866,1.2392,348
real_faces_1k,edge,0.7494,0.1139,0.8835,2.1877,744
real_faces_1k,edge,0.7638,0.0114,1.5963,2.3956,1017
real_faces_1k,edge,0.8814,0.0419,1.0593,1.2418,235
real_faces_1k,edge,0.7507,0.0148,0.6206,2.3393,868
real_faces_1k,edge,0.6887,0.0138,1.5015,2.8506,1249
real_faces_1k,edge,0.6228,0.2212,1.8715,2.5499,841
real_faces_1k,edge,0.8275,0.0172,1.5869,1.9238,690
real_faces_1k,edge,0.8015,0.0189,1.755,1.8718,649
real_faces_1k,edge,0.8167,0.0215,1.6498,1.7397,515
real_faces_1k,edge,0.8713,0.0231,1.6972,1.4112,418
real_faces_1k,edge,0.8677,0.0607,1.2512,1.3476,423
real_faces_1k,edge,0.7235,0.149,1.6145,2.2467,765
real_faces_1k,edge,0.8398,0.0987,1.4569,1.4491,360
real_faces_1k,edge,0.7456,0.0147,1.3663,2.4739,1028
real_faces_1k,edge,0.8058,0.0628,1.6969,1.8255,514
real_faces_1k,edge,0.7679,0.0354,1.7385,2.2646,732
real_faces_1k,edge,0.8586,0.0172,0.9538,1.4137,413
real_faces_1k,edge,0.8773,0.0276,1.7121,1.3306,408
real_faces_1k,edge,0.8179,0.0305,1.1503,1.9252,676
real_faces_1k,edge,0.7241,0.1264,1.7973,2.1463,689
real_faces_1k,edge,0.7872,0.0663,1.8219,1.9393,640
real_faces_1k,edge,0.7127,0.0637,1.1084,2.6099,902
real_faces_1k,edge,0.789,0.0039,1.8509,2.1337,611
real_faces_1k,edge,0.8355,0.0084,1.385,1.8078,728
real_faces_1k,edge,0.8782,0.0159,1.3631,1.2809,357
real_faces_1k,edge,0.8142,0.0078,1.8669,1.7174,589
real_faces_1k,edge,0.7074,0.0888,1.626,2.4512,705
real_faces_1k,edge,0.8675,0.0557,1.7365,1.3874,424
real_faces_1k,edge,0.879,0.0216,1.2692,1.3202,368
real_faces_1k,edge,0.8363,0.0359,0.8151,1.7786,653
real_faces_1k,edge,0.7556,0.0863,0.6441,2.2249,817
real_faces_1k,edge,0.8161,0.0277,1.8423,1.9114,747
real_faces_1k,edge,0.8318,0.0351,1.5934,1.8147,583
real_faces_1k,edge,0.7885,0.0763,0.8129,2.0063,596
real_faces_1k,edge,0.8493,0.0199,1.6412,1.7626,549
real_faces_1k,edge,0.9341,0.0097,1.5032,0.8321,182
real_faces_1k,edge,0.7937,0.0144,0.7709,2.128,757
real_faces_1k,edge,0.7117,0.1101,1.4301,2.5312,706
real_faces_1k,edge,0.7444,0.0269,1.7937,2.3965,921
real_faces_1k,edge,0.8135,0.0027,1.6179,1.9048,522
real_faces_1k,edge,0.8618,0.0184,1.8008,1.5914,635
real_faces_1k,edge,0.8257,0.0068,1.7944,1.876,635
real_faces_1k,edge,0.8606,0.0534,1.0104,1.5203,535
real_faces_1k,edge,0.8636,0.0003,1.6266,1.4087,458
real_faces_1k,edge,0.7479,0.0279,1.5697,2.421,786
real_faces_1k,edge,0.8406,0.0456,1.0955,1.7336,556
real_faces_1k,edge,0.8009,0.0594,1.1891,1.927,784
real_faces_1k,edge,0.8717,0.0173,1.1891,1.4499,392
real_faces_1k,edge,0.8204,0.0149,1.7012,1.7656,756
real_faces_1k,edge,0.7603,0.0387,0.7035,2.2753,690
real_faces_1k,edge,0.9168,0.0256,1.5065,0.9775,244
real_faces_1k,edge,0.8241,0.0215,0.7638,1.7196,519
real_faces_1k,edge,0.8934,0.0014,1.541,1.2976,365
real_faces_1k,edge,0.7818,0.0375,1.0516,2.2106,673
real_faces_1k,edge,0.7544,0.018,1.6896,2.3994,921
real_faces_1k,edge,0.7682,0.0273,0.9864,2.2867,766
real_faces_1k,edge,0.8477,0.0176,1.5351,1.6352,536
real_faces_1k,edge,0.7917,0.1174,1.1565,1.9635,686
real_faces_1k,edge,0.8219,0.0442,0.9551,1.8021,638
real_faces_1k,edge,0.8369,0.0389,1.6208,1.6699,567
real_faces_1k,edge,0.8612,0.0366,1.7308,1.5859,362
real_faces_1k,edge,0.7996,0.069,0.7135,2.0647,644
real_faces_1k,edge,0.7518,0.0764,1.4446,2.452,867
real_faces_1k,edge,0.8627,0.0114,1.2465,1.493,444
real_faces_1k,edge,0.8857,0.0131,1.0125,1.4778,401
real_faces_1k,edge,0.8121,0.032,1.7483,1.8335,512
real_faces_1k,edge,0.8034,0.0197,1.587,1.8464,658
real_faces_1k,edge,0.8344,0.0591,1.6209,1.6537,594
real_faces_1k,edge,0.9133,0.045,1.3846,1.0035,191
real_faces_1k,edge,0.8417,0.0522,1.6635,1.6755,574
real_faces_1k,edge,0.779,0.0407,1.7556,2.0364,804
real_faces_1k,edge,0.8144,0.0327,1.6548,1.9097,497
real_faces_1k,edge,0.806,0.0368,0.6508,1.9636,606
real_faces_1k,edge,0.7681,0.0023,0.7859,2.3722,841
real_faces_1k,edge,0.7566,0.0595,1.525,2.3122,905
real_faces_1k,edge,0.8101,0.1024,0.717,1.862,580
real_faces_1k,edge,0.6347,0.0973,1.3945,3.1506,1262
real_faces_1k,edge,0.8842,0.0049,1.4579,1.5213,379
real_faces_1k,edge,0.8223,0.0254,0.6453,1.7967,532
real_faces_1k,edge,0.8259,0.0119,1.5176,1.5951,466
real_faces_1k,edge,0.8239,0.0026,0.8648,1.8018,458
real_faces_1k,edge,0.8314,0.0194,1.6528,1.775,516
real_faces_1k,edge,0.8674,0.0277,1.63,1.4183,378
real_faces_1k,edge,0.7713,0.0363,1.7477,2.3532,795
real_faces_1k,edge,0.7966,0.0015,1.7339,1.8841,536
real_faces_1k,edge,0.744,0.0062,0.583,2.2561,847
real_faces_1k,edge,0.8445,0.0107,1.6264,1.6145,561
real_faces_1k,edge,0.6738,0.0924,0.9396,2.9563,1072
real_faces_1k,edge,0.7788,0.0389,1.0967,2.2454,943
real_faces_1k,edge,0.7721,0.02,0.8791,2.3555,797
real_faces_1k,edge,0.8428,0.0665,0.6749,1.487,377
real_faces_1k,edge,0.7933,0.0179,1.8633,2.2685,899
real_faces_1k,edge,0.8634,0.066,1.6156,1.5151,509
real_faces_1k,edge,0.8834,0.0423,1.6918,1.2777,340
real_faces_1k,edge,0.7994,0.0122,1.4256,2.0398,598
real_faces_1k,edge,0.7936,0.1352,0.487,1.6916,454
real_faces_1k,edge,0.7567,0.0437,1.0632,2.2676,798
real_faces_1k,edge,0.8551,0.0266,1.2282,1.5458,454
real_faces_1k,edge,0.8209,0.0847,0.7214,1.66,571
real_faces_1k,edge,0.7872,0.0094,1.5061,2.1564,807
real_faces_1k,edge,0.7767,0.1091,1.8004,1.8569,596
real_faces_1k,edge,0.7804,0.0615,0.6593,2.0641,746
real_faces_1k,edge,0.8096,0.0491,1.7923,1.7163,559
real_faces_1k,edge,0.7598,0.1042,1.877,2.0672,703
real_faces_1k,edge,0.8859,0.02,1.6457,1.3696,401
real_faces_1k,edge,0.8662,0.0214,1.6437,1.34,332
real_faces_1k,edge,0.815,0.0594,0.8121,1.8407,561
real_faces_1k,edge,0.8348,0.0851,1.4896,1.6509,534
real_faces_1k,edge,0.837,0.0651,1.5007,1.682,500
real_faces_1k,edge,0.6787,0.0332,1.5872,2.8367,1196
real_faces_1k,edge,0.7338,0.1169,1.575,2.1359,729
real_faces_1k,edge,0.715,0.0524,0.6135,2.8724,1013
real_faces_1k,edge,0.8987,0.0024,1.595,1.3711,298
real_faces_1k,edge,0.7752,0.0241,0.6324,2.0792,483
real_faces_1k,edge,0.7744,0.0307,1.6451,2.1934,568
real_faces_1k,edge,0.841,0.0508,1.4394,1.4742,429
real_faces_1k,edge,0.7023,0.0574,1.5492,2.5898,809
real_faces_1k,edge,0.7791,0.0979,1.8403,1.9995,564
real_faces_1k,edge,0.8187,0.0903,1.5344,1.6197,504
real_faces_1k,edge,0.809,0.0556,1.3802,1.907,630
real_faces_1k,edge,0.824,0.0457,1.5615,1.7862,595
real_faces_1k,edge,0.8077,0.072,0.7596,1.9555,660
real_faces_1k,edge,0.8173,0.0195,1.5514,1.9331,705
real_faces_1k,edge,0.6075,0.2177,1.591,2.6864,897
real_faces_1k,edge,0.7464,0.1087,1.6079,2.0447,745
real_faces_1k,edge,0.802,0.0075,1.2619,1.9946,738
real_faces_1k,edge,0.8414,0.0434,1.3237,1.5135,429
real_faces_1k,edge,0.8881,0.0079,1.6577,1.4817,431
real_faces_1k,edge,0.8473,0.0013,1.5239,1.719,625
real_faces_1k,edge,0.8819,0.0053,1.5669,1.2468,293
real_faces_1k,edge,0.7654,0.0262,0.7408,2.0283,575
real_faces_1k,edge,0.7802,0.0844,1.5358,1.829,602
real_faces_1k,edge,0.8318,0.0255,1.4001,1.7947,553
real_faces_1k,edge,0.789,0.1354,1.8018,1.6474,388
real_faces_1k,edge,0.8133,0.0578,1.6614,1.727,404
real_faces_1k,edge,0.7354,0.1103,1.8902,2.3688,966
real_faces_1k,edge,0.8497,0.01,0.9907,1.5361,328
real_faces_1k,edge,0.9068,0.0609,1.4732,0.97,260
real_faces_1k,edge,0.8299,0.0465,1.5916,1.6324,435
real_faces_1k,edge,0.8007,0.002,1.7683,2.0386,644
real_faces_1k,edge,0.816,0.0709,1.1669,1.8927,562
real_faces_1k,edge,0.8669,0.0089,1.646,1.5481,319
real_faces_1k,edge,0.7791,0.0338,0.9745,2.0227,731
real_faces_1k,edge,0.7541,0.1681,1.813,1.9278,513
real_faces_1k,edge,0.811,0.0166,1.826,2.1098,724
real_faces_1k,edge,0.8243,0.0588,1.7347,1.695,618
real_faces_1k,edge,0.8023,0.0625,0.7046,1.9629,587
real_faces_1k,edge,0.8062,0.0313,1.6321,1.9892,691
real_faces_1k,edge,0.8063,0.0932,1.6087,1.6845,462
real_faces_1k,edge,0.7744,0.0362,1.097,2.2287,768
real_faces_1k,edge,0.8171,0.0665,1.6509,1.6997,540
real_faces_1k,edge,0.8567,0.0737,1.6261,1.3757,419
real_faces_1k,edge,0.7381,0.0184,1.3983,2.4653,834
real_faces_1k,edge,0.7311,0.1292,0.6659,2.2429,764
real_faces_1k,edge,0.8194,0.0095,1.1585,1.9694,716
real_faces_1k,edge,0.797,0.0132,0.8049,2.0645,672
real_faces_1k,edge,0.7279,0.0791,1.111,2.5061,968
real_faces_1k,edge,0.8298,0.0476,1.893,1.9166,675
real_faces_1k,edge,0.7615,0.0335,1.5402,2.1779,621
real_faces_1k,edge,0.7602,0.0299,1.8494,2.2785,855
real_faces_1k,edge,0.7184,0.0579,1.3806,2.6144,1051
real_faces_1k,edge,0.8292,0.0909,1.8041,1.6026,518
real_faces_1k,edge,0.7191,0.059,0.7843,2.5565,929
real_faces_1k,edge,0.9592,0.0235,0.3828,0.4495,52
real_faces_1k,edge,0.7891,0.0852,0.8322,2.0657,677
real_faces_1k,edge,0.8763,0.0155,1.3805,1.3882,288
real_faces_1k,edge,0.7776,0.1071,1.7774,1.9645,532
real_faces_1k,edge,0.9023,0.0101,1.4149,1.208,394
real_faces_1k,edge,0.7235,0.0074,0.7727,2.6099,1038
real_faces_1k,edge,0.7825,0.1319,0.8275,1.9687,521
real_faces_1k,edge,0.803,0.0717,0.7567,1.9121,533
real_faces_1k,edge,0.8653,0.0478,1.6144,1.5006,466
real_faces_1k,edge,0.7817,0.0137,1.7604,1.952,616
real_faces_1k,edge,0.8568,0.0099,1.6259,1.6128,609
real_faces_1k,edge,0.7654,0.0785,1.3178,1.8882,785
real_faces_1k,edge,0.7399,0.0663,1.575,2.2287,814
real_faces_1k,edge,0.6593,0.0985,0.8085,2.9551,1083
real_faces_1k,edge,0.7482,0.0679,1.2044,2.4296,929
real_faces_1k,edge,0.7356,0.0806,1.8951,2.116,764
real_faces_1k,edge,0.9095,0.006,1.4599,1.0817,250
real_faces_1k,edge,0.888,0.0195,1.5686,1.4204,431
real_faces_1k,edge,0.8181,0.0314,1.1873,2.033,704
real_faces_1k,edge,0.7569,0.0345,1.8265,2.2861,799
real_faces_1k,edge,0.9165,0.0317,1.3925,0.9227,245
real_faces_1k,edge,0.7765,0.0449,0.7014,2.2721,774
real_faces_1k,edge,0.8252,0.0714,0.7204,1.7645,646
real_faces_1k,edge,0.7595,0.0406,1.2959,2.4001,930
real_faces_1k,edge,0.7553,0.058,1.1017,2.4345,838
real_faces_1k,edge,0.8768,0.0379,1.7176,1.4668,358
real_faces_1k,edge,0.7539,0.0477,1.4567,2.4548,972
real_faces_1k,edge,0.7508,0.0727,1.6594,2.2874,893
real_faces_1k,edge,0.8354,0.0286,0.5017,1.5883,477
real_faces_1k,edge,0.8456,0.0102,0.8099,1.6369,596
real_faces_1k,edge,0.8383,0.0895,1.4929,1.566,389
real_faces_1k,edge,0.8348,0.0366,0.8057,1.7578,554
real_faces_1k,edge,0.8242,0.0766,1.3626,1.7578,627
real_faces_1k,edge,0.6815,0.0275,0.9142,2.8833,1047
real_faces_1k,edge,0.8725,0.04,1.4698,1.3834,414
real_faces_1k,edge,0.8336,0.0442,1.5461,1.6807,569
real_faces_1k,edge,0.7701,0.025,1.8642,2.0991,639
real_faces_1k,edge,0.8984,0.008,1.4959,1.0975,328
real_faces_1k,edge,0.7047,0.0407,1.3725,2.5983,880
real_faces_1k,edge,0.8398,0.0664,0.6745,1.6859,624
real_faces_1k,edge,0.8657,0.0737,1.5287,1.2889,353
real_faces_1k,edge,0.7507,0.0046,1.3026,2.3535,924
real_faces_1k,edge,0.7487,0.0515,1.5612,2.4067,793
real_faces_1k,edge,0.8455,0.0802,1.4884,1.467,413
real_faces_1k,edge,0.825,0.0192,1.7855,1.9396,731
real_faces_1k,edge,0.9138,0.0099,0.9107,1.1548,212
real_faces_1k,edge,0.831,0.0373,0.7591,1.7286,609
real_faces_1k,edge,0.8942,0.0288,1.2992,1.3808,412
real_faces_1k,edge,0.8207,0.0656,1.5543,1.8586,591
real_faces_1k,edge,0.7873,0.0051,1.2383,2.1943,731
real_faces_1k,edge,0.8698,0.0259,1.179,1.5574,504
real_faces_1k,edge,0.6247,0.0505,1.4912,3.0522,1105
real_faces_1k,edge,0.8111,0.0147,1.0483,1.9707,563
real_faces_1k,edge,0.8176,0.0574,1.1241,1.9485,770
real_faces_1k,edge,0.9203,0.0264,1.436,0.9243,247
real_faces_1k,edge,0.8107,0.0022,1.7951,1.6998,424
real_faces_1k,edge,0.8293,0.0419,1.5777,1.8344,720
real_faces_1k,edge,0.8332,0.0589,1.2645,1.6387,532
real_faces_1k,edge,0.8602,0.0104,1.7378,1.4644,361
real_faces_1k,edge,0.809,0.0366,1.2074,1.9114,506
real_faces_1k,edge,0.9075,0.0058,1.4686,1.2133,334
real_faces_1k,edge,0.7185,0.0308,1.4326,2.7418,1091
real_faces_1k,edge,0.7367,0.0286,1.4503,2.7011,1297
real_faces_1k,edge,0.8135,0.0462,1.4748,1.7938,557
real_faces_1k,edge,0.8816,0.0362,1.7141,1.3932,491
real_faces_1k,edge,0.8134,0.0892,0.5632,1.633,528
real_faces_1k,edge,0.8335,0.0063,0.9756,1.6531,593
real_faces_1k,edge,0.8859,0.0096,1.3455,1.2035,311
real_faces_1k,edge,0.8375,0.0188,1.6481,1.9468,659
real_faces_1k,edge,0.7634,0.0228,1.8823,2.2428,663
real_faces_1k,edge,0.7968,0.1025,1.6709,2.0553,722
real_faces_1k,edge,0.7927,0.0148,1.1306,2.2725,835
real_faces_1k,edge,0.712,0.0286,1.7435,2.5793,745
real_faces_1k,edge,0.7725,0.0156,1.7254,2.3732,1125
real_faces_1k,edge,0.8107,0.0086,1.8419,2.0444,618
real_faces_1k,edge,0.8227,0.0376,1.691,1.7394,542
real_faces_1k,edge,0.8219,0.0078,1.6644,1.6786,451
real_faces_1k,edge,0.764,0.0063,1.6311,2.4353,1039
real_faces_1k,edge,0.765,0.0667,1.5822,2.2795,854
real_faces_1k,edge,0.852,0.0068,1.7716,1.6674,539
real_faces_1k,edge,0.7191,0.0775,1.106,2.292,720
real_faces_1k,edge,0.848,0.0093,0.7557,1.604,407
real_faces_1k,edge,0.7569,0.1151,0.799,2.0405,685
real_faces_1k,edge,0.8112,0.036,1.4337,1.9184,697
real_faces_1k,edge,0.7449,0.0035,1.5479,2.4348,847
real_faces_1k,edge,0.8956,0.0356,1.4748,1.1245,308
real_faces_1k,edge,0.874,0.002,1.1408,1.4445,419
real_faces_1k,edge,0.8384,0.0632,1.5423,1.6755,626
real_faces_1k,edge,0.7498,0.0767,0.9451,2.2824,837
real_faces_1k,edge,0.8112,0.0743,1.5713,1.8685,558
real_faces_1k,edge,0.7516,0.0405,1.4399,2.4483,889
real_faces_1k,edge,0.8406,0.0468,0.9791,1.6176,492
real_faces_1k,edge,0.8092,0.0653,0.5598,1.6412,381
real_faces_1k,edge,0.8894,0.0142,0.651,1.2865,255
real_faces_1k,edge,0.7845,0.0201,1.8383,2.3072,820
real_faces_1k,edge,0.8793,0.0342,0.8333,1.3278,375
real_faces_1k,edge,0.7459,0.0475,1.2279,2.3572,846
real_faces_1k,edge,0.8345,0.0019,1.3193,1.8143,580
real_faces_1k,edge,0.8664,0.0207,1.1316,1.6174,600
real_faces_1k,edge,0.7154,0.1433,1.2651,2.2968,594
real_faces_1k,edge,0.859,0.0069,1.5028,1.5807,451
real_faces_1k,edge,0.8529,0.0015,0.9257,1.487,340
real_faces_1k,edge,0.8671,0.0371,1.5596,1.4578,501
real_faces_1k,edge,0.7461,0.0702,1.6425,2.3384,814
real_faces_1k,edge,0.8146,0.0431,0.6797,1.7537,522
real_faces_1k,edge,0.8012,0.0495,1.7655,1.8216,535
real_faces_1k,edge,0.8553,0.0086,1.1842,1.5452,410
real_faces_1k,edge,0.7972,0.0579,1.7746,1.6999,404
real_faces_1k,edge,0.8751,0.0222,1.7022,1.3896,388
real_faces_1k,edge,0.9104,0.0027,0.8657,1.0968,290
real_faces_1k,edge,0.854,0.0316,1.6586,1.512,557
real_faces_1k,edge,0.8522,0.0058,1.7312,1.6644,531
real_faces_1k,edge,0.7857,0.0033,0.8227,2.0936,688
real_faces_1k,edge,0.8877,0.0186,1.6803,1.4817,506
real_faces_1k,edge,0.8104,0.0078,1.6789,2.069,777
real_faces_1k,edge,0.8317,0.065,0.669,1.5916,436
real_faces_1k,edge,0.8538,0.014,1.5812,1.6271,510
real_faces_1k,edge,0.9149,0.0021,1.5585,1.0822,277
real_faces_1k,edge,0.8554,0.0207,1.7466,1.6248,453
real_faces_1k,edge,0.765,0.0475,1.481,2.2123,758
real_faces_1k,edge,0.7274,0.0092,1.5995,2.596,988
real_faces_1k,edge,0.8255,0.0383,0.8108,1.856,596
real_faces_1k,edge,0.7798,0.0605,0.7652,2.0453,760
real_faces_1k,edge,0.8945,0.0043,1.4826,1.2643,362
real_faces_1k,edge,0.889,0.043,0.6398,1.1015,329
real_faces_1k,edge,0.8291,0.0031,1.0418,1.8047,422
real_faces_1k,edge,0.7763,0.0133,1.5906,1.9506,526
real_faces_1k,edge,0.8103,0.0345,0.6649,2.0526,605
real_faces_1k,edge,0.8352,0.0123,1.2145,1.6288,631
real_faces_1k,edge,0.7122,0.0087,1.3368,2.7856,1115
real_faces_1k,edge,0.8328,0.0017,1.8349,1.8172,538
real_faces_1k,edge,0.7982,0.0411,1.2511,1.9258,631
real_faces_1k,edge,0.7818,0.0032,1.2761,1.8861,511
real_faces_1k,edge,0.8945,0.0405,1.6897,1.359,371
real_faces_1k,edge,0.8999,0.0081,0.5943,1.2353,290
real_faces_1k,edge,0.8054,0.0785,1.7628,2.0809,636
real_faces_1k,edge,0.8004,0.0025,1.8551,2.1039,625
real_faces_1k,edge,0.7425,0.1648,1.8229,2.0226,671
real_faces_1k,edge,0.6378,0.1565,1.587,2.9578,1110
real_faces_1k,edge,0.8291,0.0306,1.7507,1.7189,600
real_faces_1k,edge,0.8593,0.0401,0.6868,1.5489,417
real_faces_1k,edge,0.8889,0.0141,1.4646,1.2834,348
real_faces_1k,edge,0.828,0.0027,1.7189,1.7206,470
real_faces_1k,edge,0.6407,0.041,1.4059,3.0464,1236
real_faces_1k,edge,0.8436,0.0302,1.5719,1.6603,607
real_faces_1k,edge,0.749,0.019,1.3064,2.6117,1056
real_faces_1k,edge,0.8757,0.0247,1.3066,1.508,433
real_faces_1k,edge,0.8416,0.0373,1.694,1.6069,481
real_faces_1k,edge,0.8268,0.0561,1.7605,1.7121,515
real_faces_1k,edge,0.8624,0.0667,1.1585,1.4041,510
real_faces_1k,edge,0.7057,0.0812,1.1982,2.476,854
real_faces_1k,edge,0.8108,0.0207,1.1623,1.7005,491
real_faces_1k,edge,0.7558,0.0402,1.5931,2.3777,817
real_faces_1k,edge,0.7256,0.0275,0.8742,2.3772,776
real_faces_1k,edge,0.7998,0.1227,1.5841,1.6956,542
real_faces_1k,edge,0.8744,0.0017,0.867,1.6001,538
real_faces_1k,edge,0.8189,0.0612,1.1599,1.8116,541
real_faces_1k,edge,0.7609,0.0262,1.5701,2.1713,884
real_faces_1k,edge,0.7897,0.0467,0.7739,1.9699,768
real_faces_1k,edge,0.7873,0.0698,1.5827,1.9605,741
real_faces_1k,edge,0.7443,0.0161,0.6815,2.2757,753
real_faces_1k,edge,0.7944,0.0572,1.7411,1.841,490
real_faces_1k,edge,0.8594,0.0418,1.499,1.5533,503
real_faces_1k,edge,0.8287,0.01,1.0731,1.7798,399
real_faces_1k,edge,0.9014,0.0355,0.934,1.1372,315
real_faces_1k,edge,0.8874,0.0126,1.3992,1.3034,412
real_faces_1k,edge,0.7567,0.1705,1.6283,1.798,460
real_faces_1k,edge,0.7417,0.1257,1.5287,2.2958,582
real_faces_1k,edge,0.674,0.1574,0.711,2.6156,1036
real_faces_1k,edge,0.8031,0.0162,1.3793,1.9728,606
real_faces_1k,edge,0.8467,0.0319,0.8492,1.738,601
real_faces_1k,edge,0.7595,0.002,1.5137,2.2621,789
real_faces_1k,edge,0.7412,0.0691,1.844,2.3519,783
real_faces_1k,edge,0.6905,0.0584,1.5256,2.6207,1033
real_faces_1k,edge,0.598,0.0566,1.4414,3.172,1357
real_faces_1k,edge,0.7366,0.1224,1.6314,2.258,931
real_faces_1k,edge,0.8796,0.0023,1.7244,1.3595,334
real_faces_1k,edge,0.7275,0.0216,0.9241,2.3689,840
real_faces_1k,edge,0.7414,0.0106,1.1858,2.572,978
real_faces_1k,edge,0.8511,0.0597,1.6946,1.5829,531
real_faces_1k,edge,0.8036,0.0034,1.7892,1.9658,831
real_faces_1k,edge,0.7584,0.0415,0.8182,2.1078,710
real_faces_1k,edge,0.8441,0.0325,1.6754,1.5962,448
real_faces_1k,edge,0.7913,0.0023,1.4966,2.2875,922
real_faces_1k,edge,0.8426,0.0065,1.4422,1.5287,479
real_faces_1k,edge,0.8603,0.0228,1.6339,1.4871,522
real_faces_1k,edge,0.8388,0.0045,1.6576,1.6788,543
real_faces_1k,edge,0.8661,0.0561,1.6766,1.4934,405
real_faces_1k,edge,0.8217,0.0648,1.56,1.8061,614
real_faces_1k,edge,0.8036,0.0346,1.1585,1.9024,622
real_faces_1k,edge,0.8276,0.0075,1.6398,1.7783,472
real_faces_1k,edge,0.7017,0.2123,2.0034,2.2421,823
real_faces_1k,edge,0.8309,0.0724,1.2341,1.7213,620
real_faces_1k,edge,0.8621,0.0093,1.3447,1.4855,408
real_faces_1k,edge,0.6497,0.1194,1.7435,2.9522,1209
real_faces_1k,edge,0.819,0.0489,1.1922,1.7327,639
real_faces_1k,edge,0.6572,0.0623,1.7935,2.9741,960
real_faces_1k,edge,0.7475,0.0437,1.017,2.434,878
real_faces_1k,edge,0.8516,0.0262,1.7087,1.5098,399
real_faces_1k,edge,0.8457,0.0161,0.7326,1.721,462
real_faces_1k,edge,0.7577,0.046,1.146,2.5752,1104
real_faces_1k,edge,0.916,0.0231,0.546,1.0316,200
real_faces_1k,edge,0.8539,0.027,0.7538,1.6062,546
real_faces_1k,edge,0.8116,0.0093,0.8012,1.7931,577
real_faces_1k,edge,0.7546,0.0558,1.2459,2.2608,929
real_faces_1k,edge,0.8168,0.0536,1.7725,1.8852,636
real_faces_1k,edge,0.9185,0.0113,1.3541,0.9958,172
real_faces_1k,edge,0.8556,0.0631,0.5425,1.4215,332
real_faces_1k,edge,0.8562,0.0375,1.5854,1.6105,502
real_faces_1k,edge,0.8272,0.008,0.6166,1.8418,587
real_faces_1k,edge,0.757,0.0148,1.4603,2.3836,846
real_faces_1k,edge,0.7955,0.0696,1.2467,2.0749,836
real_faces_1k,edge,0.8761,0.0005,1.4847,1.3735,347
real_faces_1k,edge,0.7422,0.0766,1.721,2.457,1050
real_faces_1k,edge,0.8318,0.078,1.4243,1.7174,492
real_faces_1k,edge,0.8932,0.0203,1.5383,1.2281,272
real_faces_1k,edge,0.8586,0.0272,1.7125,1.5332,474
real_faces_1k,edge,0.866,0.0687,1.5162,1.4298,440
real_faces_1k,edge,0.8289,0.0411,1.6906,1.9452,835
real_faces_1k,edge,0.7629,0.1519,0.6828,2.0765,666
real_faces_1k,edge,0.8775,0.0145,0.4615,1.3999,367
real_faces_1k,edge,0.8409,0.0218,1.7287,1.7753,593
real_faces_1k,edge,0.8657,0.0537,0.7628,1.5107,572
real_faces_1k,edge,0.8608,0.0109,1.6412,1.5612,557
real_faces_1k,edge,0.8698,0.0055,1.2632,1.5147,425
real_faces_1k,edge,0.7463,0.1341,1.1674,2.2568,709
real_faces_1k,edge,0.8241,0.0109,1.7745,1.6941,512
real_faces_1k,edge,0.8029,0.0495,0.761,2.0514,815
real_faces_1k,edge,0.86,0.0259,1.7778,1.5487,432
real_faces_1k,edge,0.8334,0.0889,1.2705,1.6646,457
real_faces_1k,edge,0.7289,0.0523,1.4427,2.5627,1054
real_faces_1k,edge,0.8874,0.0642,0.9087,1.2284,478
real_faces_1k,edge,0.87,0.0116,0.4113,1.4306,447
real_faces_1k,edge,0.8546,0.0283,1.5007,1.4534,409
real_faces_1k,edge,0.8191,0.0316,0.7296,1.7751,502
real_faces_1k,edge,0.793,0.0141,1.6752,2.0675,648
real_faces_1k,edge,0.7642,0.041,1.7881,2.1222,619
real_faces_1k,edge,0.8728,0.0506,1.3135,1.2982,351
real_faces_1k,edge,0.7205,0.0627,1.146,2.7857,1172
real_faces_1k,edge,0.7893,0.0189,1.5693,2.1256,639
real_faces_1k,edge,0.8903,0.0083,1.7277,1.2659,424
real_faces_1k,edge,0.818,0.0036,1.3699,1.9392,647
real_faces_1k,edge,0.8744,0.0011,1.7307,1.4545,421
real_faces_1k,edge,0.7874,0.0831,0.9759,1.9655,653
real_faces_1k,edge,0.8031,0.0299,0.8534,2.2255,803
real_faces_1k,edge,0.8886,0.0036,1.2388,1.1694,313
real_faces_1k,edge,0.8543,0.0434,1.561,1.6984,640
real_faces_1k,edge,0.8488,0.0305,1.5238,1.552,389
real_faces_1k,edge,0.7658,0.0359,0.9835,2.2715,942
real_faces_1k,edge,0.6836,0.2053,0.8465,2.5651,1140
real_faces_1k,edge,0.7328,0.0568,1.7539,2.3918,886
real_faces_1k,edge,0.8481,0.0307,1.6925,1.5317,478
real_faces_1k,edge,0.6947,0.0764,1.1742,2.7287,882
real_faces_1k,edge,0.8299,0.0276,1.6984,1.8995,469
real_faces_1k,edge,0.8998,0.0278,1.6411,1.1781,369
real_faces_1k,edge,0.8076,0.0821,1.312,1.8363,605
real_faces_1k,edge,0.9032,0.0196,1.2612,1.0251,213
real_faces_1k,edge,0.7993,0.061,0.7235,1.8565,641
real_faces_1k,edge,0.6435,0.0347,1.4509,3.1219,1083
real_faces_1k,edge,0.891,0.0011,0.9098,1.2473,337
real_faces_1k,edge,0.7195,0.0256,1.5257,2.6435,1346
real_faces_1k,edge,0.8606,0.0026,1.1802,1.5135,400
real_faces_1k,edge,0.7166,0.0079,1.111,2.4641,904
real_faces_1k,edge,0.8834,0.0273,1.5358,1.3058,386
real_faces_1k,edge,0.7643,0.0508,1.3507,2.2412,779
real_faces_1k,edge,0.7816,0.0239,1.6357,2.0953,719
real_faces_1k,edge,0.8339,0.0064,1.7659,1.7091,594
real_faces_1k,edge,0.7375,0.0384,1.0988,2.3353,849
real_faces_1k,edge,0.8195,0.0844,0.7575,1.8872,473
real_faces_1k,edge,0.8739,0.0378,1.7018,1.3087,345
real_faces_1k,edge,0.8096,0.0496,1.7112,1.915,674
real_faces_1k,edge,0.6984,0.1021,1.6634,2.2153,772
real_faces_1k,edge,0.8207,0.079,1.739,1.7901,548
real_faces_1k,edge,0.7384,0.0883,1.7132,2.3379,936
real_faces_1k,edge,0.7851,0.0096,1.2669,1.9681,660
real_faces_1k,edge,0.8632,0.0084,1.7124,1.5442,498
real_faces_1k,edge,0.7717,0.0417,1.5984,2.0539,600
real_faces_1k,edge,0.8535,0.0009,0.7398,1.6146,503
real_faces_1k,edge,0.8623,0.0168,1.4375,1.4117,395
real_faces_1k,edge,0.777,0.0125,1.8872,2.365,821
real_faces_1k,edge,0.834,0.0278,1.7067,1.655,545
real_faces_1k,edge,0.7883,0.1152,0.707,1.8674,586
real_faces_1k,edge,0.8045,0.0259,1.7891,2.0727,791
real_faces_1k,edge,0.8472,0.0288,1.6837,1.5912,492
real_faces_1k,edge,0.7476,0.011,1.4134,2.5032,819
real_faces_1k,edge,0.7319,0.0103,1.3261,2.5792,869
real_faces_1k,edge,0.7796,0.0744,0.5958,2.3139,833
real_faces_1k,edge,0.8906,0.0225,1.7477,1.3909,378
real_faces_1k,edge,0.727,0.1015,1.646,2.3333,813
real_faces_1k,edge,0.8559,0.0089,0.7752,1.5596,443
real_faces_1k,edge,0.8131,0.0013,1.1116,1.7365,501
real_faces_1k,edge,0.8727,0.0046,0.4943,1.3444,408
real_faces_1k,edge,0.8722,0.0065,0.9254,1.475,440
real_faces_1k,edge,0.8643,0.0243,1.6605,1.6336,486
real_faces_1k,edge,0.8687,0.0037,0.9648,1.5246,401
real_faces_1k,edge,0.9115,0.0046,1.6854,1.144,296
real_faces_1k,edge,0.6861,0.052,1.0279,2.8278,857
real_faces_1k,edge,0.8005,0.0253,1.604,2.015,753
real_faces_1k,edge,0.7979,0.0158,0.6587,2.1442,753
real_faces_1k,edge,0.8495,0.0303,0.9819,1.6424,483
real_faces_1k,edge,0.761,0.0537,1.2649,2.3973,711
real_faces_1k,edge,0.8922,0.0157,1.8194,1.3041,301
real_faces_1k,edge,0.8738,0.0072,1.6574,1.4263,473
real_faces_1k,edge,0.6517,0.0501,1.1349,2.9396,1017
real_faces_1k,edge,0.8652,0.049,0.7542,1.4251,318
real_faces_1k,edge,0.7717,0.0082,1.0041,2.1112,856
real_faces_1k,edge,0.8012,0.0305,1.5809,1.9214,583
real_faces_1k,edge,0.7355,0.0413,1.8586,2.2414,881
real_faces_1k,edge,0.9032,0.0051,1.6541,1.1966,355
real_faces_1k,edge,0.7864,0.0813,0.7703,2.166,664
real_faces_1k,edge,0.8282,0.0407,1.5622,1.9078,573
real_faces_1k,edge,0.6894,0.0923,0.8841,2.7409,1109
real_faces_1k,edge,0.7762,0.1088,1.1874,2.1227,706
real_faces_1k,edge,0.7227,0.0918,1.8946,2.5236,975
real_faces_1k,edge,0.8612,0.0263,0.8961,1.625,477
real_faces_1k,edge,0.7996,0.0414,0.6903,2.2578,927
real_faces_1k,edge,0.8205,0.0565,1.5431,1.6465,429
real_faces_1k,edge,0.7856,0.0332,1.8226,2.0976,661
real_faces_1k,edge,0.8328,0.0046,1.1887,1.7403,481
real_faces_1k,edge,0.8715,0.0317,0.6396,1.4387,491
real_faces_1k,edge,0.8662,0.0439,1.7438,1.4275,565
real_faces_1k,edge,0.6588,0.0759,1.3478,2.9455,1092
real_faces_1k,edge,0.8883,0.0024,1.6119,1.2692,324
real_faces_1k,edge,0.82,0.0092,1.7737,1.8332,639
real_faces_1k,edge,0.8177,0.0107,1.1935,1.6775,545
real_faces_1k,edge,0.7577,0.0439,1.5765,2.4071,806
real_faces_1k,edge,0.7514,0.0207,1.624,2.4124,794
real_faces_1k,edge,0.7897,0.1119,1.3614,1.9296,424
real_faces_1k,edge,0.7496,0.0312,1.7764,2.2236,777
real_faces_1k,edge,0.8398,0.0373,0.8414,1.679,378
real_faces_1k,edge,0.8579,0.0375,0.7477,1.4428,402
real_faces_1k,edge,0.8678,0.0371,1.5503,1.4854,441
real_faces_1k,edge,0.8708,0.0018,1.6866,1.3848,412
real_faces_1k,edge,0.6731,0.0357,1.4707,2.7475,907
real_faces_1k,edge,0.8545,0.0555,0.4916,1.4141,476
real_faces_1k,edge,0.8728,0.0138,1.0491,1.38,350
real_faces_1k,edge,0.9197,0.0094,0.9038,1.0238,196
real_faces_1k,edge,0.7805,0.0739,1.6188,2.2833,1021
real_faces_1k,edge,0.8248,0.0341,1.6179,1.896,605
real_faces_1k,edge,0.8055,0.1276,1.8471,1.6811,663
real_faces_1k,edge,0.8423,0.0733,1.6913,1.5355,389
real_faces_1k,edge,0.7986,0.0359,0.8159,1.9572,612
real_faces_1k,edge,0.8585,0.0216,1.7636,1.691,513
real_faces_1k,edge,0.7516,0.0513,1.3114,2.3208,934
real_faces_1k,edge,0.8347,0.0112,1.3128,1.7661,524
real_faces_1k,edge,0.7885,0.0242,0.5818,1.8315,535
real_faces_1k,edge,0.8794,0.0355,1.4415,1.3725,358
real_faces_1k,edge,0.8505,0.047,1.7319,1.5706,520
real_faces_1k,edge,0.8569,0.0205,1.6947,1.4472,470
real_faces_1k,edge,0.6798,0.0252,0.7956,2.8873,1135
real_faces_1k,edge,0.7903,0.1025,1.5488,1.9931,642
real_faces_1k,edge,0.9006,0.0135,1.6419,1.1723,246
real_faces_1k,edge,0.8289,0.0625,1.0624,1.6985,456
real_faces_1k,edge,0.8915,0.0162,1.471,1.2356,321
real_faces_1k,edge,0.8826,0.0273,1.5049,1.2742,244
real_faces_1k,edge,0.7714,0.0216,1.8208,2.1199,795
real_faces_1k,edge,0.7343,0.0162,1.3769,2.6131,964
real_faces_1k,edge,0.8511,0.0106,1.7262,1.586,361
real_faces_1k,edge,0.6366,0.1962,1.68,2.6361,940
real_faces_1k,edge,0.789,0.1002,1.8294,1.8354,464
real_faces_1k,edge,0.7636,0.042,1.6938,2.3003,901
real_faces_1k,edge,0.917,0.0059,1.5967,1.0525,222
real_faces_1k,edge,0.8288,0.0069,1.1805,1.7676,487
real_faces_1k,edge,0.7605,0.0291,1.7523,2.2401,818
real_faces_1k,edge,0.7504,0.0548,0.9291,2.3754,852
real_faces_1k,edge,0.8125,0.0445,1.6919,2.0172,765
real_faces_1k,edge,0.788,0.036,1.4011,2.102,616
real_faces_1k,edge,0.7393,0.0651,1.3902,2.2153,767
real_faces_1k,edge,0.6683,0.1028,0.5868,2.8755,843
real_faces_1k,edge,0.8234,0.0213,1.4024,1.9051,681
real_faces_1k,edge,0.872,0.0089,1.973,1.6484,314
real_faces_1k,edge,0.8352,0.0318,1.5785,1.7016,620
real_faces_1k,edge,0.7966,0.0082,1.6291,1.8884,442
real_faces_1k,edge,0.7423,0.0258,1.4648,2.3662,717
real_faces_1k,edge,0.7781,0.0344,1.5944,2.0295,658
real_faces_1k,edge,0.7345,0.0045,0.6147,2.4419,810
real_faces_1k,edge,0.8511,0.0367,1.7337,1.6372,444
real_faces_1k,edge,0.7981,0.0234,1.1641,1.8641,500
real_faces_1k,edge,0.8058,0.0271,1.8575,2.1399,853
real_faces_1k,edge,0.8466,0.0161,1.5672,1.7313,417
real_faces_1k,edge,0.7728,0.0108,1.1167,2.2438,682
real_faces_1k,edge,0.837,0.0217,1.7122,1.8595,711
real_faces_1k,edge,0.7091,0.0635,1.3146,2.6205,1091
real_faces_1k,edge,0.7947,0.1029,1.386,2.0334,613
real_faces_1k,edge,0.8927,0.0049,1.6943,1.2942,454
real_faces_1k,edge,0.7651,0.0694,0.7586,2.1998,859
real_faces_1k,edge,0.6278,0.0565,0.9796,3.2529,1215
real_faces_1k,edge,0.7606,0.0599,1.5126,1.8751,664
real_faces_1k,edge,0.7665,0.019,1.4245,2.25,863
real_faces_1k,edge,0.8472,0.0537,0.7158,1.5824,540
real_faces_1k,edge,0.7697,0.089,1.6534,2.2155,889
real_faces_1k,edge,0.7441,0.1081,1.8868,2.3075,834
real_faces_1k,edge,0.8883,0.0496,1.0686,1.1103,257
real_faces_1k,edge,0.732,0.0314,0.9052,2.6324,1146
real_faces_1k,edge,0.8897,0.0087,1.6091,1.3763,364
real_faces_1k,edge,0.8288,0.0467,1.7672,1.7809,473
real_faces_1k,edge,0.7581,0.1212,0.7877,2.2769,1041
real_faces_1k,edge,0.8552,0.0111,0.7211,1.5527,463
real_faces_1k,edge,0.7842,0.0675,0.9089,1.969,621
real_faces_1k,edge,0.8581,0.0078,1.744,1.6071,458
real_faces_1k,edge,0.8507,0.0635,0.6035,1.4729,499
real_faces_1k,edge,0.9145,0.0249,0.9294,1.0039,213
real_faces_1k,edge,0.8779,0.072,1.6998,1.2413,454
real_faces_1k,edge,0.707,0.0182,1.372,2.5872,1070
real_faces_1k,edge,0.7027,0.0054,1.4089,2.6678,1075
real_faces_1k,edge,0.8765,0.0013,1.1267,1.3455,449
real_faces_1k,edge,0.8375,0.0023,1.4855,1.7589,523
real_faces_1k,edge,0.8747,0.0797,1.0462,1.1726,348
real_faces_1k,edge,0.7801,0.133,1.5909,1.9701,628
real_faces_1k,edge,0.8453,0.0216,1.7293,1.6385,651
real_faces_1k,edge,0.7835,0.0361,1.0435,1.937,568
real_faces_1k,edge,0.7729,0.0338,1.0808,2.2497,889
real_faces_1k,edge,0.8419,0.0802,1.2092,1.4617,364
real_faces_1k,edge,0.8276,0.009,1.7046,1.6026,484
real_faces_1k,edge,0.798,0.026,1.0178,1.6942,638
real_faces_1k,edge,0.87,0.0211,1.6425,1.5227,486
real_faces_1k,edge,0.8574,0.0218,1.2279,1.5024,402
real_faces_1k,edge,0.7828,0.006,1.6844,1.979,702
real_faces_1k,edge,0.825,0.0817,1.7521,1.7377,620
real_faces_1k,edge,0.8358,0.0024,1.7356,1.7398,517
real_faces_1k,edge,0.753,0.0851,1.2196,2.3072,896
real_faces_1k,edge,0.6852,0.0818,1.0627,2.874,1226
real_faces_1k,edge,0.7156,0.075,1.371,2.6315,1157
real_faces_1k,edge,0.8753,0.0169,1.3113,1.4244,407
real_faces_1k,edge,0.7785,0.0269,1.4111,2.1356,623
real_faces_1k,edge,0.7953,0.0753,1.5859,1.8581,515
real_faces_1k,edge,0.8818,0.0012,1.1364,1.3597,312
real_faces_1k,edge,0.8783,0.0222,0.9741,1.2622,344
real_faces_1k,edge,0.7385,0.1358,1.6592,2.2242,938
real_faces_1k,edge,0.8455,0.0325,1.5162,1.6868,627
real_faces_1k,edge,0.7394,0.041,1.3592,2.3735,867
real_faces_1k,edge,0.7841,0.0672,0.7871,2.1272,736
real_faces_1k,edge,0.7524,0.0512,0.857,2.1459,877
real_faces_1k,edge,0.7227,0.0691,1.4726,2.5696,935
real_faces_1k,edge,0.7082,0.0108,1.4918,2.7681,970
real_faces_1k,edge,0.7796,0.0678,0.7762,2.1692,794
real_faces_1k,edge,0.7202,0.1287,1.6685,2.2544,745
real_faces_1k,edge,0.7223,0.0523,1.6495,2.4961,973
real_faces_1k,edge,0.7387,0.1312,1.5711,2.1566,824
real_faces_1k,edge,0.8617,0.0326,1.3831,1.411,314
real_faces_1k,edge,0.8108,0.0713,0.7456,1.7138,470
real_faces_1k,edge,0.8888,0.026,1.6801,1.3184,359
real_faces_1k,edge,0.6974,0.0543,1.7178,2.7883,1141
real_faces_1k,edge,0.8186,0.0377,0.5694,1.9778,649
real_faces_1k,edge,0.8168,0.0038,1.5756,1.8278,599
real_faces_1k,edge,0.7453,0.0202,1.5507,2.4272,721
real_faces_1k,edge,0.8553,0.0175,1.7821,1.6419,493
real_faces_1k,edge,0.8172,0.0488,1.4139,1.9542,742
real_faces_1k,edge,0.8972,0.0192,0.734,1.2084,340
real_faces_1k,edge,0.8235,0.0791,1.523,1.6609,447
real_faces_1k,edge,0.7927,0.0835,0.6963,1.9031,534
real_faces_1k,edge,0.7676,0.0152,1.5846,2.2881,817
real_faces_1k,edge,0.8357,0.0492,0.7696,1.7216,600
real_faces_1k,edge,0.8232,0.095,1.795,1.6793,561
real_faces_1k,edge,0.7926,0.0757,1.6071,1.945,635
real_faces_1k,edge,0.8418,0.0031,1.5644,1.5866,449
real_faces_1k,edge,0.8092,0.0073,1.8103,1.9927,666
real_faces_1k,edge,0.8149,0.0933,1.1856,1.8628,553
real_faces_1k,edge,0.8816,0.0285,1.4817,1.401,366
real_faces_1k,edge,0.8343,0.0513,1.6694,1.7549,569
real_faces_1k,edge,0.8208,0.025,1.3762,1.7394,616
real_faces_1k,edge,0.8167,0.005,1.5851,1.7844,602
real_faces_1k,edge,0.8893,0.0187,0.6863,1.298,425
real_faces_1k,edge,0.8921,0.0083,1.5962,1.2557,248
real_faces_1k,edge,0.7504,0.1038,0.6423,2.2748,796
real_faces_1k,edge,0.8107,0.0792,1.5334,1.7195,553
real_faces_1k,edge,0.8325,0.0713,1.5583,1.5288,409
real_faces_1k,edge,0.8874,0.0008,1.0696,1.4382,447
real_faces_1k,edge,0.7254,0.2024,0.6913,2.0953,713
real_faces_1k,edge,0.8002,0.0265,1.6716,1.6475,455
real_faces_1k,edge,0.8143,0.054,1.0991,1.789,725
real_faces_1k,edge,0.861,0.0266,1.0449,1.409,413
real_faces_1k,edge,0.7079,0.0874,1.3777,2.5129,978
real_faces_1k,edge,0.8148,0.0169,1.085,1.7465,431
real_faces_1k,edge,0.8734,0.0055,1.3438,1.646,534
real_faces_1k,edge,0.8149,0.0194,1.4942,1.8145,697
real_faces_1k,edge,0.8652,0.0374,1.2292,1.5243,501
real_faces_1k,edge,0.8166,0.0538,1.4041,1.9777,641
real_faces_1k,edge,0.684,0.1515,1.3219,2.5954,979
real_faces_1k,edge,0.745,0.0454,0.9043,2.5271,963
real_faces_1k,edge,0.8597,0.0343,0.7374,1.476,454
real_faces_1k,edge,0.7965,0.0204,1.8799,2.0422,627
real_faces_1k,edge,0.8799,0.0365,1.561,1.3415,394
real_faces_1k,edge,0.8653,0.0045,1.5416,1.567,388
real_faces_1k,edge,0.7874,0.1077,1.5737,1.9783,641
real_faces_1k,edge,0.7694,0.0173,1.01,2.1464,616
real_faces_1k,edge,0.7943,0.0139,1.5645,2.1076,734
real_faces_1k,edge,0.8606,0.0019,1.6999,1.5053,409
real_faces_1k,edge,0.7902,0.107,1.7763,1.9345,624
real_faces_1k,edge,0.7579,0.0822,1.0811,2.012,654
real_faces_1k,edge,0.8153,0.0293,1.7189,1.8993,672
real_faces_1k,edge,0.8267,0.022,1.6512,1.9467,704
real_faces_1k,edge,0.7903,0.0044,1.1749,1.9994,581
real_faces_1k,edge,0.6136,0.206,1.2576,2.9684,1098
real_faces_1k,edge,0.791,0.0285,1.5954,2.1015,793
real_faces_1k,edge,0.8565,0.0193,0.5974,1.5792,466
real_faces_1k,edge,0.8547,0.0275,1.5464,1.4997,445
real_faces_1k,edge,0.8659,0.0032,1.8181,1.5408,355
real_faces_1k,edge,0.8064,0.0361,1.6284,1.9946,752
real_faces_1k,edge,0.7719,0.0434,1.805,1.9164,566
real_faces_1k,edge,0.8682,0.0506,1.694,1.4022,462
real_faces_1k,edge,0.8405,0.1071,1.6851,1.4852,504
real_faces_1k,edge,0.8908,0.0077,1.2594,1.3874,367
real_faces_1k,edge,0.7388,0.0128,1.8751,2.505,1004
real_faces_1k,edge,0.7686,0.0303,1.2493,2.3555,854
real_faces_1k,edge,0.8026,0.0445,1.7806,1.8774,608
real_faces_1k,edge,0.8832,0.026,0.8153,1.3866,395
real_faces_1k,edge,0.7505,0.0034,0.8913,2.5023,1034
real_faces_1k,edge,0.8591,0.0257,1.6892,1.4827,453
real_faces_1k,edge,0.811,0.0324,1.4731,1.9071,549
real_faces_1k,edge,0.8996,0.0028,1.1273,1.2356,329
real_faces_1k,edge,0.8348,0.0192,0.3701,1.4962,449
real_faces_1k,edge,0.7857,0.0033,0.7313,2.1837,842
real_faces_1k,edge,0.8646,0.0335,1.6255,1.496,370
real_faces_1k,edge,0.7406,0.0055,0.7496,2.4406,1081
real_faces_1k,edge,0.763,0.0052,1.2319,2.5038,1063
real_faces_1k,edge,0.8704,0.026,1.0751,1.474,319
real_faces_1k,edge,0.917,0.002,1.2213,1.0363,343
real_faces_1k,edge,0.7396,0.0643,0.8126,2.0333,667
real_faces_1k,edge,0.7923,0.0495,1.7365,2.0436,610
real_faces_1k,edge,0.8259,0.0423,1.4628,1.6659,501
real_faces_1k,edge,0.8506,0.0992,1.082,1.3976,390
real_faces_1k,edge,0.8264,0.0426,1.5742,1.7345,595
real_faces_1k,edge,0.8034,0.0029,1.532,1.925,657
real_faces_1k,edge,0.8848,0.0176,1.6845,1.3038,415
real_faces_1k,edge,0.7447,0.0569,0.5691,2.3649,873
real_faces_1k,edge,0.8863,0.0038,1.3541,1.3395,382
real_faces_1k,edge,0.7792,0.0015,1.7015,2.3682,873
real_faces_1k,edge,0.8718,0.0068,1.7406,1.4348,365
real_faces_1k,edge,0.8044,0.0498,1.6131,1.8257,639
real_faces_1k,edge,0.7584,0.029,1.8291,2.2081,844
real_faces_1k,edge,0.8639,0.0247,0.7792,1.5395,363
real_faces_1k,edge,0.8352,0.0486,1.1237,1.6176,400
real_faces_1k,edge,0.7987,0.0039,1.4706,2.1518,705
real_faces_1k,edge,0.787,0.1033,1.8442,1.7868,504
real_faces_1k,edge,0.8675,0.0306,0.7453,1.5563,485
real_faces_1k,edge,0.7724,0.0483,1.0458,2.2961,906
real_faces_1k,edge,0.802,0.0063,1.0792,1.9343,519
real_faces_1k,edge,0.8915,0.0613,1.4897,1.1363,268
real_faces_1k,edge,0.7645,0.0436,1.5208,2.1409,700
real_faces_1k,edge,0.7642,0.101,1.6327,2.1669,714
real_faces_1k,edge,0.8371,0.0108,1.0907,1.7827,525
real_faces_1k,edge,0.7253,0.141,0.6327,2.172,860
real_faces_1k,edge,0.9413,0.002,0.48,0.7334,126
real_faces_1k,edge,0.9204,0.0009,1.3876,1.2735,341
real_faces_1k,edge,0.9041,0.033,1.2123,1.1232,306
real_faces_1k,edge,0.8451,0.0313,0.9795,1.7093,433
real_faces_1k,edge,0.7932,0.0223,1.0606,1.927,514
real_faces_1k,edge,0.8671,0.0526,1.6555,1.3738,397
real_faces_1k,edge,0.8384,0.0351,1.1468,1.5808,477
real_faces_1k,edge,0.8093,0.0044,0.8669,2.0689,774
real_faces_1k,edge,0.7663,0.0003,1.2281,2.2176,789
real_faces_1k,edge,0.7954,0.001,1.1573,1.954,720
real_faces_1k,edge,0.9031,0.0248,1.7046,1.148,283
real_faces_1k,edge,0.8383,0.0483,0.5661,1.6132,499
real_faces_1k,edge,0.8302,0.0093,1.3235,1.7646,567
real_faces_1k,edge,0.8618,0.0113,0.6651,1.5455,426
real_faces_1k,edge,0.8029,0.0622,1.6048,1.9171,722
real_faces_1k,edge,0.852,0.0666,1.7024,1.5061,395
real_faces_1k,edge,0.8334,0.0317,1.7044,1.8384,581
real_faces_1k,edge,0.7931,0.0338,1.1557,2.0759,583
real_faces_1k,edge,0.746,0.0757,1.6378,2.2568,712
real_faces_1k,edge,0.8959,0.0038,1.3319,1.3461,390
real_faces_1k,edge,0.783,0.0236,1.1185,2.0953,726
real_faces_1k,edge,0.7914,0.1132,1.6631,1.7177,387
real_faces_1k,edge,0.8822,0.0365,1.5798,1.2761,450
real_faces_1k,edge,0.7094,0.0025,1.8053,2.6498,1099
real_faces_1k,edge,0.8982,0.0128,1.6435,1.2996,320
real_faces_1k,edge,0.8716,0.0607,1.5174,1.4143,420
real_faces_1k,edge,0.7855,0.0762,0.5803,2.1247,836
real_faces_1k,edge,0.88,0.0365,1.4582,1.3683,395
real_faces_1k,edge,0.8694,0.0181,1.7285,1.4326,385
real_faces_1k,edge,0.8012,0.0154,1.8222,2.122,816
real_faces_1k,edge,0.7347,0.0512,0.6681,2.5125,832
real_faces_1k,edge,0.8283,0.0192,1.708,1.9746,648
real_faces_1k,edge,0.6975,0.0777,1.5986,2.7206,1371
real_faces_1k,edge,0.8414,0.0104,1.698,1.4969,491
real_faces_1k,edge,0.762,0.1142,1.7901,2.0289,682
real_faces_1k,edge,0.7548,0.0263,1.637,2.492,976
real_faces_1k,edge,0.8452,0.07,1.1769,1.5565,537
real_faces_1k,edge,0.8914,0.0054,1.6318,1.2786,314
real_faces_1k,edge,0.8486,0.0535,1.0789,1.4722,300
real_faces_1k,edge,0.9084,0.0242,1.6885,1.1886,277
real_faces_1k,edge,0.8797,0.0216,0.6101,1.3549,370
real_faces_1k,edge,0.8793,0.0422,0.9934,1.3766,413
real_faces_1k,edge,0.8608,0.0029,1.3939,1.4267,427
real_faces_1k,edge,0.7732,0.0292,1.2366,2.3609,786
real_faces_1k,edge,0.8306,0.0449,1.7728,1.6739,562
real_faces_1k,edge,0.8107,0.0535,1.6963,1.6631,510
real_faces_1k,edge,0.7478,0.0304,1.1772,2.162,695
real_faces_1k,edge,0.9199,0.0079,1.6631,1.2042,255
real_faces_1k,edge,0.8525,0.0771,1.3768,1.4611,368
real_faces_1k,edge,0.7902,0.0078,1.6666,2.2417,867
real_faces_1k,edge,0.8817,0.0011,1.6793,1.4472,416
real_faces_1k,edge,0.6494,0.1674,1.666,2.7461,1095
real_faces_1k,edge,0.8097,0.0093,1.5517,1.8729,652
real_faces_1k,edge,0.8101,0.1005,1.7101,1.8265,637
real_faces_1k,edge,0.8425,0.0191,0.9067,1.8881,568
real_faces_1k,edge,0.7094,0.1305,1.4241,2.5256,778
real_faces_1k,edge,0.7949,0.0704,0.7273,2.0209,727
real_faces_1k,edge,0.6196,0.0343,1.2664,2.8307,1006
real_faces_1k,edge,0.8396,0.0217,0.7301,1.6088,370
real_faces_1k,edge,0.7478,0.0996,1.2493,2.3204,949
real_faces_1k,edge,0.8045,0.0622,1.5023,1.7021,567
real_faces_1k,edge,0.8923,0.0084,1.6313,1.3283,376
real_faces_1k,edge,0.7406,0.119,1.3278,2.3595,686
real_faces_1k,edge,0.8703,0.0046,1.4689,1.4215,394
real_faces_1k,edge,0.7888,0.0874,1.8159,1.9713,703
real_faces_1k,edge,0.8949,0.0163,1.5372,1.1936,310
real_faces_1k,edge,0.7579,0.1,0.7789,2.318,653
real_faces_1k,edge,0.8811,0.0212,1.6384,1.2588,286
real_faces_1k,edge,0.8656,0.0163,1.7792,1.6694,544
real_faces_1k,edge,0.8955,0.0249,1.7111,1.1948,354
real_faces_1k,edge,0.7974,0.0466,1.3107,2.0914,650
real_faces_1k,edge,0.6564,0.0553,1.1742,3.032,1297
real_faces_1k,edge,0.8493,0.0473,1.2753,1.5464,438
real_faces_1k,edge,0.7442,0.0574,0.791,2.5195,869
real_faces_1k,edge,0.9088,0.0137,1.1424,1.0758,269
real_faces_1k,edge,0.7513,0.073,1.4137,2.3665,855
real_faces_1k,edge,0.7596,0.0234,1.6318,2.1859,821
real_faces_1k,edge,0.7448,0.0049,0.9488,2.2473,1517
real_faces_1k,edge,0.8103,0.0029,0.7313,2.0168,641
real_faces_1k,edge,0.8355,0.0399,1.2559,1.7002,551
real_faces_1k,edge,0.7931,0.0797,1.616,2.0806,617
real_faces_1k,edge,0.7745,0.0111,0.7652,2.0519,744
real_faces_1k,edge,0.8729,0.0125,1.6888,1.5982,423
real_faces_1k,edge,0.8579,0.0332,1.6837,1.569,569
real_faces_1k,edge,0.7319,0.0311,0.7118,2.5543,913
real_faces_1k,edge,0.8433,0.0347,0.7648,1.6916,483
real_faces_1k,edge,0.8409,0.0281,0.8648,1.818,558
real_faces_1k,edge,0.7908,0.0479,1.7452,1.8401,409
real_faces_1k,edge,0.9069,0.0093,0.8435,1.1554,312
real_faces_1k,edge,0.8746,0.026,1.2389,1.3618,412
real_faces_1k,edge,0.8288,0.0185,1.0275,1.762,528
real_faces_1k,edge,0.8238,0.0112,1.7441,1.8615,709
real_faces_1k,edge,0.8603,0.0132,1.2065,1.4724,300
real_faces_1k,edge,0.8821,0.0238,1.073,1.3658,433
real_faces_1k,edge,0.8111,0.0116,1.5844,2.1028,715
real_faces_1k,edge,0.8045,0.068,1.0686,1.6614,482
real_faces_1k,edge,0.7127,0.1209,1.6414,2.4778,961
real_faces_1k,edge,0.7559,0.056,1.8309,2.3866,932
real_faces_1k,edge,0.7828,0.0997,0.6472,1.9286,619
real_faces_1k,edge,0.8357,0.0636,1.6121,1.8384,503
real_faces_1k,edge,0.822,0.0545,0.7718,1.6606,390
real_faces_1k,edge,0.8059,0.0217,1.411,2.1042,679
real_faces_1k,edge,0.8186,0.0204,1.266,1.8356,629
real_faces_1k,edge,0.8181,0.0349,0.9716,1.8288,442
real_faces_1k,edge,0.8455,0.0471,1.7328,1.6203,561
real_faces_1k,edge,0.923,0.0135,1.4554,1.1588,390
real_faces_1k,edge,0.8389,0.0545,1.3237,1.5552,412
real_faces_1k,edge,0.654,0.2107,1.3058,2.6101,1004
real_faces_1k,edge,0.8407,0.0366,0.6616,1.4743,425
real_faces_1k,edge,0.8106,0.035,1.486,1.9587,698
real_faces_1k,edge,0.8475,0.0341,0.923,1.6056,612
real_faces_1k,edge,0.7839,0.0401,1.6075,2.1335,639
real_faces_1k,edge,0.7498,0.0091,1.6906,2.3234,1098
real_faces_1k,edge,0.8169,0.0676,1.7183,1.8359,539
real_faces_1k,edge,0.777,0.1203,1.2021,1.9894,885
real_faces_1k,edge,0.7818,0.0713,1.6437,2.2702,938
real_faces_1k,edge,0.8101,0.0018,1.6275,2.0286,685
real_faces_1k,edge,0.8537,0.039,1.2939,1.6729,481
real_faces_1k,edge,0.782,0.0617,1.5156,2.173,1384
real_faces_1k,edge,0.8035,0.0117,0.8539,2.094,825
real_faces_1k,edge,0.9021,0.0319,1.6333,1.064,266
real_faces_1k,edge,0.7911,0.0504,1.7265,2.0304,991
real_faces_1k,edge,0.8134,0.076,1.6033,1.7019,497
real_faces_1k,edge,0.8341,0.0635,1.6007,1.7865,609
real_faces_1k,edge,0.8224,0.0112,1.3107,1.7994,543
real_faces_1k,edge,0.7856,0.0916,0.6853,1.9899,760
real_faces_1k,edge,0.8158,0.0551,1.5801,1.8162,634
real_faces_1k,edge,0.7191,0.1863,0.834,2.1489,797
real_faces_1k,edge,0.7493,0.0402,0.7835,2.3627,774
real_faces_1k,edge,0.7794,0.109,1.0686,1.9706,725
real_faces_1k,edge,0.7899,0.0202,1.5537,2.0707,796
real_faces_1k,edge,0.8339,0.0914,1.8819,1.4894,523
