filename,category,filter_type,bilateral_symmetry,lr_imbalance
DALLE3_image_0000229.jpg,dalle3_sfhq,raw,0.8268,0.0752
DALLE3_image_0000229.jpg,dalle3_sfhq,topographic,0.6042,0.0178
DALLE3_image_0000229.jpg,dalle3_sfhq,edge,0.9,0.0082
DALLE3_image_0000052.jpg,dalle3_sfhq,raw,0.8052,0.0172
DALLE3_image_0000052.jpg,dalle3_sfhq,topographic,0.5341,0.0379
DALLE3_image_0000052.jpg,dalle3_sfhq,edge,0.8898,0.0394
DALLE3_image_0000564.jpg,dalle3_sfhq,raw,0.7044,0.2452
DALLE3_image_0000564.jpg,dalle3_sfhq,topographic,0.5526,0.0369
DALLE3_image_0000564.jpg,dalle3_sfhq,edge,0.8563,0.0556
DALLE3_image_0000502.jpg,dalle3_sfhq,raw,0.8173,0.0208
DALLE3_image_0000502.jpg,dalle3_sfhq,topographic,0.6234,0.0398
DALLE3_image_0000502.jpg,dalle3_sfhq,edge,0.9564,0.0126
DALLE3_image_0000458.jpg,dalle3_sfhq,raw,0.6905,0.2115
DALLE3_image_0000458.jpg,dalle3_sfhq,topographic,0.5124,0.1271
DALLE3_image_0000458.jpg,dalle3_sfhq,edge,0.7192,0.1695
DALLE3_image_0000286.jpg,dalle3_sfhq,raw,0.7289,0.1988
DALLE3_image_0000286.jpg,dalle3_sfhq,topographic,0.5744,0.0053
DALLE3_image_0000286.jpg,dalle3_sfhq,edge,0.9089,0.0195
DALLE3_image_0000210.jpg,dalle3_sfhq,raw,0.8253,0.0997
DALLE3_image_0000210.jpg,dalle3_sfhq,topographic,0.5716,0.0135
DALLE3_image_0000210.jpg,dalle3_sfhq,edge,0.8946,0.0757
DALLE3_image_0000179.jpg,dalle3_sfhq,raw,0.8246,0.0369
DALLE3_image_0000179.jpg,dalle3_sfhq,topographic,0.5547,0.0191
DALLE3_image_0000179.jpg,dalle3_sfhq,edge,0.9201,0.0307
DALLE3_image_0000865.jpg,dalle3_sfhq,raw,0.7671,0.2084
DALLE3_image_0000865.jpg,dalle3_sfhq,topographic,0.7382,0.0598
DALLE3_image_0000865.jpg,dalle3_sfhq,edge,0.9246,0.0106
DALLE3_image_0000066.jpg,dalle3_sfhq,raw,0.7261,0.1571
DALLE3_image_0000066.jpg,dalle3_sfhq,topographic,0.5877,0.0342
DALLE3_image_0000066.jpg,dalle3_sfhq,edge,0.9155,0.0402
DALLE3_image_0000062.jpg,dalle3_sfhq,raw,0.6544,0.3212
DALLE3_image_0000062.jpg,dalle3_sfhq,topographic,0.6759,0.0842
DALLE3_image_0000062.jpg,dalle3_sfhq,edge,0.9001,0.0239
DALLE3_image_0000192.jpg,dalle3_sfhq,raw,0.7792,0.1587
DALLE3_image_0000192.jpg,dalle3_sfhq,topographic,0.6112,0.0704
DALLE3_image_0000192.jpg,dalle3_sfhq,edge,0.9189,0.0178
DALLE3_image_0000448.jpg,dalle3_sfhq,raw,0.7069,0.0638
DALLE3_image_0000448.jpg,dalle3_sfhq,topographic,0.5479,0.0389
DALLE3_image_0000448.jpg,dalle3_sfhq,edge,0.8685,0.0275
DALLE3_image_0000477.jpg,dalle3_sfhq,raw,0.8043,0.1899
DALLE3_image_0000477.jpg,dalle3_sfhq,topographic,0.6915,0.1395
DALLE3_image_0000477.jpg,dalle3_sfhq,edge,0.8944,0.0835
DALLE3_image_0001035.jpg,dalle3_sfhq,raw,0.6625,0.2845
DALLE3_image_0001035.jpg,dalle3_sfhq,topographic,0.6278,0.058
DALLE3_image_0001035.jpg,dalle3_sfhq,edge,0.9198,0.0242
DALLE3_image_0000055.jpg,dalle3_sfhq,raw,0.8106,0.0122
DALLE3_image_0000055.jpg,dalle3_sfhq,topographic,0.5468,0.0318
DALLE3_image_0000055.jpg,dalle3_sfhq,edge,0.875,0.0084
DALLE3_image_0000408.jpg,dalle3_sfhq,raw,0.7549,0.1509
DALLE3_image_0000408.jpg,dalle3_sfhq,topographic,0.6065,0.0652
DALLE3_image_0000408.jpg,dalle3_sfhq,edge,0.8971,0.0631
DALLE3_image_0000860.jpg,dalle3_sfhq,raw,0.784,0.1271
DALLE3_image_0000860.jpg,dalle3_sfhq,topographic,0.5705,0.0347
DALLE3_image_0000860.jpg,dalle3_sfhq,edge,0.8298,0.0375
DALLE3_image_0000452.jpg,dalle3_sfhq,raw,0.8332,0.012
DALLE3_image_0000452.jpg,dalle3_sfhq,topographic,0.5508,0.0485
DALLE3_image_0000452.jpg,dalle3_sfhq,edge,0.8914,0.02
DALLE3_image_0000920.jpg,dalle3_sfhq,raw,0.7161,0.055
DALLE3_image_0000920.jpg,dalle3_sfhq,topographic,0.5416,0.0638
DALLE3_image_0000920.jpg,dalle3_sfhq,edge,0.7987,0.0874
DALLE3_image_0000570.jpg,dalle3_sfhq,raw,0.8111,0.1359
DALLE3_image_0000570.jpg,dalle3_sfhq,topographic,0.5985,0.0169
DALLE3_image_0000570.jpg,dalle3_sfhq,edge,0.8747,0.0079
DALLE3_image_0000014.jpg,dalle3_sfhq,raw,0.7604,0.0048
DALLE3_image_0000014.jpg,dalle3_sfhq,topographic,0.5825,0.0084
DALLE3_image_0000014.jpg,dalle3_sfhq,edge,0.8721,0.0244
DALLE3_image_0000327.jpg,dalle3_sfhq,raw,0.8018,0.0128
DALLE3_image_0000327.jpg,dalle3_sfhq,topographic,0.5814,0.0224
DALLE3_image_0000327.jpg,dalle3_sfhq,edge,0.8712,0.0165
DALLE3_image_0000866.jpg,dalle3_sfhq,raw,0.8345,0.0464
DALLE3_image_0000866.jpg,dalle3_sfhq,topographic,0.5937,0.0129
DALLE3_image_0000866.jpg,dalle3_sfhq,edge,0.8956,0.007
DALLE3_image_0000697.jpg,dalle3_sfhq,raw,0.7123,0.0844
DALLE3_image_0000697.jpg,dalle3_sfhq,topographic,0.6312,0.0757
DALLE3_image_0000697.jpg,dalle3_sfhq,edge,0.9124,0.0111
DALLE3_image_0001103.jpg,dalle3_sfhq,raw,0.8223,0.0255
DALLE3_image_0001103.jpg,dalle3_sfhq,topographic,0.5433,0.1158
DALLE3_image_0001103.jpg,dalle3_sfhq,edge,0.8534,0.0427
DALLE3_image_0000319.jpg,dalle3_sfhq,raw,0.8604,0.0078
DALLE3_image_0000319.jpg,dalle3_sfhq,topographic,0.6888,0.0992
DALLE3_image_0000319.jpg,dalle3_sfhq,edge,0.9599,0.0094
DALLE3_image_0000441.jpg,dalle3_sfhq,raw,0.737,0.0906
DALLE3_image_0000441.jpg,dalle3_sfhq,topographic,0.5409,0.0052
DALLE3_image_0000441.jpg,dalle3_sfhq,edge,0.8583,0.0026
DALLE3_image_0000690.jpg,dalle3_sfhq,raw,0.8726,0.0077
DALLE3_image_0000690.jpg,dalle3_sfhq,topographic,0.5945,0.0062
DALLE3_image_0000690.jpg,dalle3_sfhq,edge,0.8195,0.0099
DALLE3_image_0001117.jpg,dalle3_sfhq,raw,0.8259,0.1038
DALLE3_image_0001117.jpg,dalle3_sfhq,topographic,0.5602,0.036
DALLE3_image_0001117.jpg,dalle3_sfhq,edge,0.8851,0.0289
DALLE3_image_0000190.jpg,dalle3_sfhq,raw,0.855,0.1189
DALLE3_image_0000190.jpg,dalle3_sfhq,topographic,0.7381,0.0041
DALLE3_image_0000190.jpg,dalle3_sfhq,edge,0.9672,0.0048
DALLE3_image_0000779.jpg,dalle3_sfhq,raw,0.8016,0.139
DALLE3_image_0000779.jpg,dalle3_sfhq,topographic,0.5691,0.0251
DALLE3_image_0000779.jpg,dalle3_sfhq,edge,0.8184,0.0064
DALLE3_image_0000199.jpg,dalle3_sfhq,raw,0.8074,0.0083
DALLE3_image_0000199.jpg,dalle3_sfhq,topographic,0.5655,0.0734
DALLE3_image_0000199.jpg,dalle3_sfhq,edge,0.8832,0.0292
DALLE3_image_0000736.jpg,dalle3_sfhq,raw,0.7814,0.0249
DALLE3_image_0000736.jpg,dalle3_sfhq,topographic,0.552,0.0826
DALLE3_image_0000736.jpg,dalle3_sfhq,edge,0.8929,0.0471
DALLE3_image_0000705.jpg,dalle3_sfhq,raw,0.7833,0.0885
DALLE3_image_0000705.jpg,dalle3_sfhq,topographic,0.5584,0.1423
DALLE3_image_0000705.jpg,dalle3_sfhq,edge,0.8908,0.0221
DALLE3_image_0000542.jpg,dalle3_sfhq,raw,0.7756,0.051
DALLE3_image_0000542.jpg,dalle3_sfhq,topographic,0.5482,0.0439
DALLE3_image_0000542.jpg,dalle3_sfhq,edge,0.8906,0.0045
DALLE3_image_0000089.jpg,dalle3_sfhq,raw,0.7721,0.0222
DALLE3_image_0000089.jpg,dalle3_sfhq,topographic,0.5234,0.1121
DALLE3_image_0000089.jpg,dalle3_sfhq,edge,0.8557,0.0114
DALLE3_image_0000941.jpg,dalle3_sfhq,raw,0.815,0.0029
DALLE3_image_0000941.jpg,dalle3_sfhq,topographic,0.548,0.0301
DALLE3_image_0000941.jpg,dalle3_sfhq,edge,0.8511,0.0008
DALLE3_image_0000256.jpg,dalle3_sfhq,raw,0.7532,0.0745
DALLE3_image_0000256.jpg,dalle3_sfhq,topographic,0.5404,0.0315
DALLE3_image_0000256.jpg,dalle3_sfhq,edge,0.8267,0.0409
DALLE3_image_0000776.jpg,dalle3_sfhq,raw,0.7762,0.1925
DALLE3_image_0000776.jpg,dalle3_sfhq,topographic,0.5648,0.1192
DALLE3_image_0000776.jpg,dalle3_sfhq,edge,0.9155,0.0706
DALLE3_image_0000162.jpg,dalle3_sfhq,raw,0.6801,0.129
DALLE3_image_0000162.jpg,dalle3_sfhq,topographic,0.5317,0.0192
DALLE3_image_0000162.jpg,dalle3_sfhq,edge,0.8063,0.0147
DALLE3_image_0000601.jpg,dalle3_sfhq,raw,0.7921,0.0714
DALLE3_image_0000601.jpg,dalle3_sfhq,topographic,0.5405,0.0558
DALLE3_image_0000601.jpg,dalle3_sfhq,edge,0.8466,0.0035
DALLE3_image_0000741.jpg,dalle3_sfhq,raw,0.7445,0.0711
DALLE3_image_0000741.jpg,dalle3_sfhq,topographic,0.5102,0.0777
DALLE3_image_0000741.jpg,dalle3_sfhq,edge,0.8581,0.0049
DALLE3_image_0000394.jpg,dalle3_sfhq,raw,0.8743,0.0795
DALLE3_image_0000394.jpg,dalle3_sfhq,topographic,0.5553,0.0312
DALLE3_image_0000394.jpg,dalle3_sfhq,edge,0.8966,0.0252
DALLE3_image_0000143.jpg,dalle3_sfhq,raw,0.7587,0.1671
DALLE3_image_0000143.jpg,dalle3_sfhq,topographic,0.5414,0.053
DALLE3_image_0000143.jpg,dalle3_sfhq,edge,0.8455,0.0077
DALLE3_image_0000094.jpg,dalle3_sfhq,raw,0.7357,0.0915
DALLE3_image_0000094.jpg,dalle3_sfhq,topographic,0.6226,0.009
DALLE3_image_0000094.jpg,dalle3_sfhq,edge,0.8742,0.0158
DALLE3_image_0000467.jpg,dalle3_sfhq,raw,0.8524,0.0203
DALLE3_image_0000467.jpg,dalle3_sfhq,topographic,0.6559,0.0093
DALLE3_image_0000467.jpg,dalle3_sfhq,edge,0.9711,0.0047
DALLE3_image_0000593.jpg,dalle3_sfhq,raw,0.8383,0.1418
DALLE3_image_0000593.jpg,dalle3_sfhq,topographic,0.7155,0.078
DALLE3_image_0000593.jpg,dalle3_sfhq,edge,0.9279,0.0298
DALLE3_image_0000164.jpg,dalle3_sfhq,raw,0.9683,0.0084
DALLE3_image_0000164.jpg,dalle3_sfhq,topographic,0.807,0.0058
DALLE3_image_0000164.jpg,dalle3_sfhq,edge,0.9648,0.0078
DALLE3_image_0001110.jpg,dalle3_sfhq,raw,0.7818,0.067
DALLE3_image_0001110.jpg,dalle3_sfhq,topographic,0.563,0.029
DALLE3_image_0001110.jpg,dalle3_sfhq,edge,0.8464,0.0064
DALLE3_image_0000207.jpg,dalle3_sfhq,raw,0.8153,0.1347
DALLE3_image_0000207.jpg,dalle3_sfhq,topographic,0.5953,0.0275
DALLE3_image_0000207.jpg,dalle3_sfhq,edge,0.9316,0.0029
DALLE3_image_0001092.jpg,dalle3_sfhq,raw,0.8306,0.0808
DALLE3_image_0001092.jpg,dalle3_sfhq,topographic,0.6365,0.0715
DALLE3_image_0001092.jpg,dalle3_sfhq,edge,0.836,0.0386
DALLE3_image_0001098.jpg,dalle3_sfhq,raw,0.8771,0.0657
DALLE3_image_0001098.jpg,dalle3_sfhq,topographic,0.6176,0.0013
DALLE3_image_0001098.jpg,dalle3_sfhq,edge,0.8915,0.0005
DALLE3_image_0000929.jpg,dalle3_sfhq,raw,0.7915,0.0544
DALLE3_image_0000929.jpg,dalle3_sfhq,topographic,0.6612,0.0268
DALLE3_image_0000929.jpg,dalle3_sfhq,edge,0.8288,0.0078
DALLE3_image_0000748.jpg,dalle3_sfhq,raw,0.7273,0.0553
DALLE3_image_0000748.jpg,dalle3_sfhq,topographic,0.5277,0.0932
DALLE3_image_0000748.jpg,dalle3_sfhq,edge,0.758,0.1182
DALLE3_image_0000334.jpg,dalle3_sfhq,raw,0.7857,0.0038
DALLE3_image_0000334.jpg,dalle3_sfhq,topographic,0.5855,0.0167
DALLE3_image_0000334.jpg,dalle3_sfhq,edge,0.9291,0.0094
DALLE3_image_0000759.jpg,dalle3_sfhq,raw,0.8079,0.0846
DALLE3_image_0000759.jpg,dalle3_sfhq,topographic,0.5676,0.0581
DALLE3_image_0000759.jpg,dalle3_sfhq,edge,0.7929,0.0317
DALLE3_image_0000728.jpg,dalle3_sfhq,raw,0.7698,0.1688
DALLE3_image_0000728.jpg,dalle3_sfhq,topographic,0.5897,0.1104
DALLE3_image_0000728.jpg,dalle3_sfhq,edge,0.8689,0.0682
DALLE3_image_0000430.jpg,dalle3_sfhq,raw,0.527,0.4128
DALLE3_image_0000430.jpg,dalle3_sfhq,topographic,0.6933,0.0344
DALLE3_image_0000430.jpg,dalle3_sfhq,edge,0.9326,0.0063
DALLE3_image_0000547.jpg,dalle3_sfhq,raw,0.764,0.0245
DALLE3_image_0000547.jpg,dalle3_sfhq,topographic,0.5725,0.0056
DALLE3_image_0000547.jpg,dalle3_sfhq,edge,0.8824,0.0046
DALLE3_image_0000147.jpg,dalle3_sfhq,raw,0.7989,0.0922
DALLE3_image_0000147.jpg,dalle3_sfhq,topographic,0.5464,0.0287
DALLE3_image_0000147.jpg,dalle3_sfhq,edge,0.9331,0.0051
DALLE3_image_0000351.jpg,dalle3_sfhq,raw,0.7417,0.0104
DALLE3_image_0000351.jpg,dalle3_sfhq,topographic,0.544,0.014
DALLE3_image_0000351.jpg,dalle3_sfhq,edge,0.8807,0.0012
DALLE3_image_0001120.jpg,dalle3_sfhq,raw,0.7323,0.1304
DALLE3_image_0001120.jpg,dalle3_sfhq,topographic,0.5722,0.0109
DALLE3_image_0001120.jpg,dalle3_sfhq,edge,0.8568,0.0365
DALLE3_image_0000335.jpg,dalle3_sfhq,raw,0.7694,0.1133
DALLE3_image_0000335.jpg,dalle3_sfhq,topographic,0.5934,0.0595
DALLE3_image_0000335.jpg,dalle3_sfhq,edge,0.8798,0.0063
DALLE3_image_0000947.jpg,dalle3_sfhq,raw,0.7403,0.1898
DALLE3_image_0000947.jpg,dalle3_sfhq,topographic,0.5623,0.0809
DALLE3_image_0000947.jpg,dalle3_sfhq,edge,0.8153,0.0571
DALLE3_image_0000778.jpg,dalle3_sfhq,raw,0.7798,0.0154
DALLE3_image_0000778.jpg,dalle3_sfhq,topographic,0.5889,0.0418
DALLE3_image_0000778.jpg,dalle3_sfhq,edge,0.938,0.0126
DALLE3_image_0000553.jpg,dalle3_sfhq,raw,0.8035,0.0703
DALLE3_image_0000553.jpg,dalle3_sfhq,topographic,0.5548,0.0708
DALLE3_image_0000553.jpg,dalle3_sfhq,edge,0.7612,0.1104
DALLE3_image_0000450.jpg,dalle3_sfhq,raw,0.7811,0.0596
DALLE3_image_0000450.jpg,dalle3_sfhq,topographic,0.5744,0.0336
DALLE3_image_0000450.jpg,dalle3_sfhq,edge,0.8661,0.0781
DALLE3_image_0000665.jpg,dalle3_sfhq,raw,0.7211,0.1623
DALLE3_image_0000665.jpg,dalle3_sfhq,topographic,0.5456,0.0494
DALLE3_image_0000665.jpg,dalle3_sfhq,edge,0.899,0.0277
DALLE3_image_0000115.jpg,dalle3_sfhq,raw,0.6775,0.2765
DALLE3_image_0000115.jpg,dalle3_sfhq,topographic,0.6902,0.1868
DALLE3_image_0000115.jpg,dalle3_sfhq,edge,0.9252,0.0584
DALLE3_image_0000470.jpg,dalle3_sfhq,raw,0.8465,0.0354
DALLE3_image_0000470.jpg,dalle3_sfhq,topographic,0.6142,0.0914
DALLE3_image_0000470.jpg,dalle3_sfhq,edge,0.8834,0.0783
DALLE3_image_0001114.jpg,dalle3_sfhq,raw,0.8034,0.0406
DALLE3_image_0001114.jpg,dalle3_sfhq,topographic,0.5713,0.045
DALLE3_image_0001114.jpg,dalle3_sfhq,edge,0.919,0.0067
DALLE3_image_0000647.jpg,dalle3_sfhq,raw,0.7417,0.2029
DALLE3_image_0000647.jpg,dalle3_sfhq,topographic,0.5724,0.0169
DALLE3_image_0000647.jpg,dalle3_sfhq,edge,0.9009,0.0146
DALLE3_image_0000822.jpg,dalle3_sfhq,raw,0.8123,0.0036
DALLE3_image_0000822.jpg,dalle3_sfhq,topographic,0.5564,0.0294
DALLE3_image_0000822.jpg,dalle3_sfhq,edge,0.9115,0.0062
DALLE3_image_0000549.jpg,dalle3_sfhq,raw,0.8049,0.0055
DALLE3_image_0000549.jpg,dalle3_sfhq,topographic,0.5446,0.0174
DALLE3_image_0000549.jpg,dalle3_sfhq,edge,0.8602,0.001
DALLE3_image_0000136.jpg,dalle3_sfhq,raw,0.771,0.0821
DALLE3_image_0000136.jpg,dalle3_sfhq,topographic,0.5471,0.0111
DALLE3_image_0000136.jpg,dalle3_sfhq,edge,0.8024,0.0118
DALLE3_image_0000433.jpg,dalle3_sfhq,raw,0.8319,0.0034
DALLE3_image_0000433.jpg,dalle3_sfhq,topographic,0.563,0.0044
DALLE3_image_0000433.jpg,dalle3_sfhq,edge,0.858,0.0077
DALLE3_image_0000645.jpg,dalle3_sfhq,raw,0.7732,0.1713
DALLE3_image_0000645.jpg,dalle3_sfhq,topographic,0.6267,0.1731
DALLE3_image_0000645.jpg,dalle3_sfhq,edge,0.9371,0.0406
DALLE3_image_0000436.jpg,dalle3_sfhq,raw,0.6712,0.2088
DALLE3_image_0000436.jpg,dalle3_sfhq,topographic,0.5781,0.051
DALLE3_image_0000436.jpg,dalle3_sfhq,edge,0.914,0.019
DALLE3_image_0001023.jpg,dalle3_sfhq,raw,0.7934,0.0667
DALLE3_image_0001023.jpg,dalle3_sfhq,topographic,0.5693,0.0074
DALLE3_image_0001023.jpg,dalle3_sfhq,edge,0.889,0.0043
DALLE3_image_0000811.jpg,dalle3_sfhq,raw,0.8259,0.0415
DALLE3_image_0000811.jpg,dalle3_sfhq,topographic,0.5925,0.0558
DALLE3_image_0000811.jpg,dalle3_sfhq,edge,0.9292,0.0005
DALLE3_image_0000940.jpg,dalle3_sfhq,raw,0.7249,0.0019
DALLE3_image_0000940.jpg,dalle3_sfhq,topographic,0.5931,0.0225
DALLE3_image_0000940.jpg,dalle3_sfhq,edge,0.9054,0.0196
DALLE3_image_0000293.jpg,dalle3_sfhq,raw,0.825,0.0502
DALLE3_image_0000293.jpg,dalle3_sfhq,topographic,0.663,0.0393
DALLE3_image_0000293.jpg,dalle3_sfhq,edge,0.8627,0.01
DALLE3_image_0000543.jpg,dalle3_sfhq,raw,0.8063,0.0588
DALLE3_image_0000543.jpg,dalle3_sfhq,topographic,0.5893,0.0383
DALLE3_image_0000543.jpg,dalle3_sfhq,edge,0.9002,0.0453
DALLE3_image_0001118.jpg,dalle3_sfhq,raw,0.7421,0.0967
DALLE3_image_0001118.jpg,dalle3_sfhq,topographic,0.6121,0.0934
DALLE3_image_0001118.jpg,dalle3_sfhq,edge,0.9389,0.0337
DALLE3_image_0000506.jpg,dalle3_sfhq,raw,0.8716,0.0954
DALLE3_image_0000506.jpg,dalle3_sfhq,topographic,0.6797,0.0083
DALLE3_image_0000506.jpg,dalle3_sfhq,edge,0.8809,0.0116
DALLE3_image_0000539.jpg,dalle3_sfhq,raw,0.9009,0.0615
DALLE3_image_0000539.jpg,dalle3_sfhq,topographic,0.7236,0.0125
DALLE3_image_0000539.jpg,dalle3_sfhq,edge,0.9173,0.0018
DALLE3_image_0000878.jpg,dalle3_sfhq,raw,0.7906,0.1872
DALLE3_image_0000878.jpg,dalle3_sfhq,topographic,0.5777,0.1344
DALLE3_image_0000878.jpg,dalle3_sfhq,edge,0.9082,0.0601
DALLE3_image_0000818.jpg,dalle3_sfhq,raw,0.8394,0.0026
DALLE3_image_0000818.jpg,dalle3_sfhq,topographic,0.5409,0.0061
DALLE3_image_0000818.jpg,dalle3_sfhq,edge,0.8253,0.0232
DALLE3_image_0000742.jpg,dalle3_sfhq,raw,0.6824,0.0106
DALLE3_image_0000742.jpg,dalle3_sfhq,topographic,0.6547,0.024
DALLE3_image_0000742.jpg,dalle3_sfhq,edge,0.8771,0.0213
DALLE3_image_0001056.jpg,dalle3_sfhq,raw,0.7867,0.0528
DALLE3_image_0001056.jpg,dalle3_sfhq,topographic,0.5999,0.0532
DALLE3_image_0001056.jpg,dalle3_sfhq,edge,0.9424,0.0136
DALLE3_image_0000284.jpg,dalle3_sfhq,raw,0.8036,0.0235
DALLE3_image_0000284.jpg,dalle3_sfhq,topographic,0.5617,0.0379
DALLE3_image_0000284.jpg,dalle3_sfhq,edge,0.887,0.0275
DALLE3_image_0001011.jpg,dalle3_sfhq,raw,0.7749,0.1689
DALLE3_image_0001011.jpg,dalle3_sfhq,topographic,0.5582,0.0332
DALLE3_image_0001011.jpg,dalle3_sfhq,edge,0.8809,0.0473
DALLE3_image_0000187.jpg,dalle3_sfhq,raw,0.8636,0.0767
DALLE3_image_0000187.jpg,dalle3_sfhq,topographic,0.6316,0.0681
DALLE3_image_0000187.jpg,dalle3_sfhq,edge,0.9219,0.0288
DALLE3_image_0000097.jpg,dalle3_sfhq,raw,0.7573,0.1494
DALLE3_image_0000097.jpg,dalle3_sfhq,topographic,0.6711,0.0224
DALLE3_image_0000097.jpg,dalle3_sfhq,edge,0.9216,0.0037
DALLE3_image_0000225.jpg,dalle3_sfhq,raw,0.745,0.0625
DALLE3_image_0000225.jpg,dalle3_sfhq,topographic,0.5523,0.044
DALLE3_image_0000225.jpg,dalle3_sfhq,edge,0.843,0.0149
DALLE3_image_0000314.jpg,dalle3_sfhq,raw,0.7245,0.0804
DALLE3_image_0000314.jpg,dalle3_sfhq,topographic,0.5582,0.0067
DALLE3_image_0000314.jpg,dalle3_sfhq,edge,0.8871,0.018
DALLE3_image_0000328.jpg,dalle3_sfhq,raw,0.8157,0.061
DALLE3_image_0000328.jpg,dalle3_sfhq,topographic,0.616,0.003
DALLE3_image_0000328.jpg,dalle3_sfhq,edge,0.8841,0.0151
DALLE3_image_0001115.jpg,dalle3_sfhq,raw,0.7541,0.1718
DALLE3_image_0001115.jpg,dalle3_sfhq,topographic,0.6258,0.0321
DALLE3_image_0001115.jpg,dalle3_sfhq,edge,0.9125,0.0255
DALLE3_image_0000131.jpg,dalle3_sfhq,raw,0.8446,0.1128
DALLE3_image_0000131.jpg,dalle3_sfhq,topographic,0.5831,0.067
DALLE3_image_0000131.jpg,dalle3_sfhq,edge,0.8504,0.0203
DALLE3_image_0000395.jpg,dalle3_sfhq,raw,0.7946,0.0883
DALLE3_image_0000395.jpg,dalle3_sfhq,topographic,0.6108,0.0358
DALLE3_image_0000395.jpg,dalle3_sfhq,edge,0.9249,0.0008
DALLE3_image_0000391.jpg,dalle3_sfhq,raw,0.7458,0.1019
DALLE3_image_0000391.jpg,dalle3_sfhq,topographic,0.6473,0.0639
DALLE3_image_0000391.jpg,dalle3_sfhq,edge,0.9074,0.0048
DALLE3_image_0000611.jpg,dalle3_sfhq,raw,0.6851,0.1347
DALLE3_image_0000611.jpg,dalle3_sfhq,topographic,0.607,0.0566
DALLE3_image_0000611.jpg,dalle3_sfhq,edge,0.9081,0.0358
DALLE3_image_0000480.jpg,dalle3_sfhq,raw,0.7149,0.1374
DALLE3_image_0000480.jpg,dalle3_sfhq,topographic,0.5492,0.0806
DALLE3_image_0000480.jpg,dalle3_sfhq,edge,0.8652,0.0191
DALLE3_image_0001088.jpg,dalle3_sfhq,raw,0.8309,0.0655
DALLE3_image_0001088.jpg,dalle3_sfhq,topographic,0.6282,0.0487
DALLE3_image_0001088.jpg,dalle3_sfhq,edge,0.9188,0.0323
DALLE3_image_0000258.jpg,dalle3_sfhq,raw,0.8231,0.1072
DALLE3_image_0000258.jpg,dalle3_sfhq,topographic,0.633,0.0133
DALLE3_image_0000258.jpg,dalle3_sfhq,edge,0.9156,0.0127
DALLE3_image_0000995.jpg,dalle3_sfhq,raw,0.7564,0.1448
DALLE3_image_0000995.jpg,dalle3_sfhq,topographic,0.6062,0.0611
DALLE3_image_0000995.jpg,dalle3_sfhq,edge,0.7669,0.0232
DALLE3_image_0000567.jpg,dalle3_sfhq,raw,0.7255,0.0442
DALLE3_image_0000567.jpg,dalle3_sfhq,topographic,0.5584,0.0411
DALLE3_image_0000567.jpg,dalle3_sfhq,edge,0.8475,0.0002
DALLE3_image_0000882.jpg,dalle3_sfhq,raw,0.7784,0.1559
DALLE3_image_0000882.jpg,dalle3_sfhq,topographic,0.5623,0.0136
DALLE3_image_0000882.jpg,dalle3_sfhq,edge,0.7985,0.0707
DALLE3_image_0000966.jpg,dalle3_sfhq,raw,0.7916,0.0164
DALLE3_image_0000966.jpg,dalle3_sfhq,topographic,0.546,0.0259
DALLE3_image_0000966.jpg,dalle3_sfhq,edge,0.894,0.0089
DALLE3_image_0000012.jpg,dalle3_sfhq,raw,0.7292,0.0674
DALLE3_image_0000012.jpg,dalle3_sfhq,topographic,0.5787,0.0177
DALLE3_image_0000012.jpg,dalle3_sfhq,edge,0.9104,0.0228
DALLE3_image_0001099.jpg,dalle3_sfhq,raw,0.7349,0.0247
DALLE3_image_0001099.jpg,dalle3_sfhq,topographic,0.5592,0.0573
DALLE3_image_0001099.jpg,dalle3_sfhq,edge,0.9033,0.0165
DALLE3_image_0000739.jpg,dalle3_sfhq,raw,0.771,0.107
DALLE3_image_0000739.jpg,dalle3_sfhq,topographic,0.5613,0.0034
DALLE3_image_0000739.jpg,dalle3_sfhq,edge,0.883,0.007
DALLE3_image_0000118.jpg,dalle3_sfhq,raw,0.8673,0.0253
DALLE3_image_0000118.jpg,dalle3_sfhq,topographic,0.5889,0.0311
DALLE3_image_0000118.jpg,dalle3_sfhq,edge,0.8955,0.015
DALLE3_image_0000699.jpg,dalle3_sfhq,raw,0.7648,0.1341
DALLE3_image_0000699.jpg,dalle3_sfhq,topographic,0.5606,0.0482
DALLE3_image_0000699.jpg,dalle3_sfhq,edge,0.8239,0.0677
DALLE3_image_0000907.jpg,dalle3_sfhq,raw,0.8052,0.0213
DALLE3_image_0000907.jpg,dalle3_sfhq,topographic,0.6285,0.0564
DALLE3_image_0000907.jpg,dalle3_sfhq,edge,0.8444,0.026
DALLE3_image_0000550.jpg,dalle3_sfhq,raw,0.677,0.027
DALLE3_image_0000550.jpg,dalle3_sfhq,topographic,0.6536,0.0224
DALLE3_image_0000550.jpg,dalle3_sfhq,edge,0.8845,0.0408
DALLE3_image_0000769.jpg,dalle3_sfhq,raw,0.865,0.0687
DALLE3_image_0000769.jpg,dalle3_sfhq,topographic,0.698,0.1113
DALLE3_image_0000769.jpg,dalle3_sfhq,edge,0.906,0.032
DALLE3_image_0000274.jpg,dalle3_sfhq,raw,0.6334,0.3365
DALLE3_image_0000274.jpg,dalle3_sfhq,topographic,0.5998,0.0438
DALLE3_image_0000274.jpg,dalle3_sfhq,edge,0.9161,0.0182
DALLE3_image_0000788.jpg,dalle3_sfhq,raw,0.7573,0.0369
DALLE3_image_0000788.jpg,dalle3_sfhq,topographic,0.6344,0.0347
DALLE3_image_0000788.jpg,dalle3_sfhq,edge,0.9086,0.0147
DALLE3_image_0000657.jpg,dalle3_sfhq,raw,0.8429,0.0094
DALLE3_image_0000657.jpg,dalle3_sfhq,topographic,0.6296,0.009
DALLE3_image_0000657.jpg,dalle3_sfhq,edge,0.9294,0.0107
DALLE3_image_0000349.jpg,dalle3_sfhq,raw,0.715,0.2034
DALLE3_image_0000349.jpg,dalle3_sfhq,topographic,0.541,0.0121
DALLE3_image_0000349.jpg,dalle3_sfhq,edge,0.9006,0.0315
DALLE3_image_0001054.jpg,dalle3_sfhq,raw,0.7785,0.097
DALLE3_image_0001054.jpg,dalle3_sfhq,topographic,0.5794,0.1341
DALLE3_image_0001054.jpg,dalle3_sfhq,edge,0.8759,0.0403
DALLE3_image_0000301.jpg,dalle3_sfhq,raw,0.7703,0.0138
DALLE3_image_0000301.jpg,dalle3_sfhq,topographic,0.5493,0.0795
DALLE3_image_0000301.jpg,dalle3_sfhq,edge,0.8994,0.0471
DALLE3_image_0000446.jpg,dalle3_sfhq,raw,0.7326,0.2521
DALLE3_image_0000446.jpg,dalle3_sfhq,topographic,0.6264,0.0295
DALLE3_image_0000446.jpg,dalle3_sfhq,edge,0.9424,0.0178
DALLE3_image_0001083.jpg,dalle3_sfhq,raw,0.7503,0.0823
DALLE3_image_0001083.jpg,dalle3_sfhq,topographic,0.5271,0.0239
DALLE3_image_0001083.jpg,dalle3_sfhq,edge,0.8316,0.0617
DALLE3_image_0000465.jpg,dalle3_sfhq,raw,0.7431,0.1686
DALLE3_image_0000465.jpg,dalle3_sfhq,topographic,0.6015,0.0112
DALLE3_image_0000465.jpg,dalle3_sfhq,edge,0.8744,0.0063
DALLE3_image_0000004.jpg,dalle3_sfhq,raw,0.9019,0.0091
DALLE3_image_0000004.jpg,dalle3_sfhq,topographic,0.6147,0.0424
DALLE3_image_0000004.jpg,dalle3_sfhq,edge,0.9144,0.0284
DALLE3_image_0000977.jpg,dalle3_sfhq,raw,0.7147,0.215
DALLE3_image_0000977.jpg,dalle3_sfhq,topographic,0.5611,0.053
DALLE3_image_0000977.jpg,dalle3_sfhq,edge,0.8891,0.0256
DALLE3_image_0000740.jpg,dalle3_sfhq,raw,0.8144,0.1212
DALLE3_image_0000740.jpg,dalle3_sfhq,topographic,0.674,0.0286
DALLE3_image_0000740.jpg,dalle3_sfhq,edge,0.8432,0.0135
DALLE3_image_0000897.jpg,dalle3_sfhq,raw,0.7469,0.0368
DALLE3_image_0000897.jpg,dalle3_sfhq,topographic,0.577,0.0044
DALLE3_image_0000897.jpg,dalle3_sfhq,edge,0.865,0.0245
DALLE3_image_0000737.jpg,dalle3_sfhq,raw,0.7172,0.1873
DALLE3_image_0000737.jpg,dalle3_sfhq,topographic,0.5679,0.0522
DALLE3_image_0000737.jpg,dalle3_sfhq,edge,0.8982,0.03
DALLE3_image_0000270.jpg,dalle3_sfhq,raw,0.7503,0.0708
DALLE3_image_0000270.jpg,dalle3_sfhq,topographic,0.5487,0.0326
DALLE3_image_0000270.jpg,dalle3_sfhq,edge,0.8055,0.0119
DALLE3_image_0000513.jpg,dalle3_sfhq,raw,0.7367,0.1129
DALLE3_image_0000513.jpg,dalle3_sfhq,topographic,0.5391,0.007
DALLE3_image_0000513.jpg,dalle3_sfhq,edge,0.857,0.0139
DALLE3_image_0000781.jpg,dalle3_sfhq,raw,0.6903,0.2221
DALLE3_image_0000781.jpg,dalle3_sfhq,topographic,0.6394,0.1598
DALLE3_image_0000781.jpg,dalle3_sfhq,edge,0.9328,0.0238
DALLE3_image_0000183.jpg,dalle3_sfhq,raw,0.8729,0.0174
DALLE3_image_0000183.jpg,dalle3_sfhq,topographic,0.6303,0.0321
DALLE3_image_0000183.jpg,dalle3_sfhq,edge,0.9203,0.0209
DALLE3_image_0000520.jpg,dalle3_sfhq,raw,0.8577,0.0969
DALLE3_image_0000520.jpg,dalle3_sfhq,topographic,0.6212,0.056
DALLE3_image_0000520.jpg,dalle3_sfhq,edge,0.8844,0.0721
DALLE3_image_0000935.jpg,dalle3_sfhq,raw,0.8195,0.0369
DALLE3_image_0000935.jpg,dalle3_sfhq,topographic,0.6332,0.0174
DALLE3_image_0000935.jpg,dalle3_sfhq,edge,0.9409,0.0098
DALLE3_image_0000109.jpg,dalle3_sfhq,raw,0.82,0.0235
DALLE3_image_0000109.jpg,dalle3_sfhq,topographic,0.5648,0.0447
DALLE3_image_0000109.jpg,dalle3_sfhq,edge,0.8851,0.0031
DALLE3_image_0000892.jpg,dalle3_sfhq,raw,0.7937,0.0731
DALLE3_image_0000892.jpg,dalle3_sfhq,topographic,0.6274,0.0115
DALLE3_image_0000892.jpg,dalle3_sfhq,edge,0.908,0.0134
DALLE3_image_0000641.jpg,dalle3_sfhq,raw,0.8038,0.0833
DALLE3_image_0000641.jpg,dalle3_sfhq,topographic,0.5555,0.0377
DALLE3_image_0000641.jpg,dalle3_sfhq,edge,0.8054,0.0442
DALLE3_image_0000306.jpg,dalle3_sfhq,raw,0.9336,0.0163
DALLE3_image_0000306.jpg,dalle3_sfhq,topographic,0.6901,0.0019
DALLE3_image_0000306.jpg,dalle3_sfhq,edge,0.8904,0.003
DALLE3_image_0000862.jpg,dalle3_sfhq,raw,0.8057,0.1074
DALLE3_image_0000862.jpg,dalle3_sfhq,topographic,0.7388,0.1121
DALLE3_image_0000862.jpg,dalle3_sfhq,edge,0.9,0.0557
DALLE3_image_0000655.jpg,dalle3_sfhq,raw,0.7674,0.0926
DALLE3_image_0000655.jpg,dalle3_sfhq,topographic,0.5537,0.0255
DALLE3_image_0000655.jpg,dalle3_sfhq,edge,0.8838,0.0119
DALLE3_image_0000987.jpg,dalle3_sfhq,raw,0.8353,0.034
DALLE3_image_0000987.jpg,dalle3_sfhq,topographic,0.5784,0.0433
DALLE3_image_0000987.jpg,dalle3_sfhq,edge,0.8821,0.0669
DALLE3_image_0000624.jpg,dalle3_sfhq,raw,0.8011,0.0567
DALLE3_image_0000624.jpg,dalle3_sfhq,topographic,0.5999,0.0861
DALLE3_image_0000624.jpg,dalle3_sfhq,edge,0.8761,0.0797
DALLE3_image_0000204.jpg,dalle3_sfhq,raw,0.8649,0.0261
DALLE3_image_0000204.jpg,dalle3_sfhq,topographic,0.6528,0.0422
DALLE3_image_0000204.jpg,dalle3_sfhq,edge,0.8612,0.0259
DALLE3_image_0000157.jpg,dalle3_sfhq,raw,0.8654,0.1119
DALLE3_image_0000157.jpg,dalle3_sfhq,topographic,0.6211,0.0382
DALLE3_image_0000157.jpg,dalle3_sfhq,edge,0.8693,0.0337
DALLE3_image_0000383.jpg,dalle3_sfhq,raw,0.7857,0.0105
DALLE3_image_0000383.jpg,dalle3_sfhq,topographic,0.5468,0.0284
DALLE3_image_0000383.jpg,dalle3_sfhq,edge,0.881,0.0238
DALLE3_image_0000989.jpg,dalle3_sfhq,raw,0.9603,0.003
DALLE3_image_0000989.jpg,dalle3_sfhq,topographic,0.7379,0.0062
DALLE3_image_0000989.jpg,dalle3_sfhq,edge,0.8857,0.0017
DALLE3_image_0000166.jpg,dalle3_sfhq,raw,0.8028,0.1196
DALLE3_image_0000166.jpg,dalle3_sfhq,topographic,0.5665,0.032
DALLE3_image_0000166.jpg,dalle3_sfhq,edge,0.8947,0.002
DALLE3_image_0001057.jpg,dalle3_sfhq,raw,0.8311,0.0863
DALLE3_image_0001057.jpg,dalle3_sfhq,topographic,0.6286,0.0438
DALLE3_image_0001057.jpg,dalle3_sfhq,edge,0.8449,0.0777
DALLE3_image_0000798.jpg,dalle3_sfhq,raw,0.7456,0.0093
DALLE3_image_0000798.jpg,dalle3_sfhq,topographic,0.6292,0.0039
DALLE3_image_0000798.jpg,dalle3_sfhq,edge,0.9127,0.0211
DALLE3_image_0000945.jpg,dalle3_sfhq,raw,0.7937,0.1386
DALLE3_image_0000945.jpg,dalle3_sfhq,topographic,0.6215,0.1143
DALLE3_image_0000945.jpg,dalle3_sfhq,edge,0.9033,0.0186
DALLE3_image_0000544.jpg,dalle3_sfhq,raw,0.7283,0.1555
DALLE3_image_0000544.jpg,dalle3_sfhq,topographic,0.5908,0.0389
DALLE3_image_0000544.jpg,dalle3_sfhq,edge,0.8975,0.016
DALLE3_image_0001086.jpg,dalle3_sfhq,raw,0.7,0.2504
DALLE3_image_0001086.jpg,dalle3_sfhq,topographic,0.6714,0.0241
DALLE3_image_0001086.jpg,dalle3_sfhq,edge,0.8679,0.0198
DALLE3_image_0000001.jpg,dalle3_sfhq,raw,0.796,0.028
DALLE3_image_0000001.jpg,dalle3_sfhq,topographic,0.5975,0.0081
DALLE3_image_0000001.jpg,dalle3_sfhq,edge,0.9285,0.0089
DALLE3_image_0000614.jpg,dalle3_sfhq,raw,0.5078,0.4642
DALLE3_image_0000614.jpg,dalle3_sfhq,topographic,0.6274,0.2545
DALLE3_image_0000614.jpg,dalle3_sfhq,edge,0.7926,0.1587
DALLE3_image_0000332.jpg,dalle3_sfhq,raw,0.801,0.0887
DALLE3_image_0000332.jpg,dalle3_sfhq,topographic,0.703,0.0014
DALLE3_image_0000332.jpg,dalle3_sfhq,edge,0.9426,0.0198
DALLE3_image_0000501.jpg,dalle3_sfhq,raw,0.7422,0.0607
DALLE3_image_0000501.jpg,dalle3_sfhq,topographic,0.5768,0.0969
DALLE3_image_0000501.jpg,dalle3_sfhq,edge,0.8244,0.067
DALLE3_image_0000020.jpg,dalle3_sfhq,raw,0.8613,0.0674
DALLE3_image_0000020.jpg,dalle3_sfhq,topographic,0.5842,0.06
DALLE3_image_0000020.jpg,dalle3_sfhq,edge,0.8344,0.0592
DALLE3_image_0001001.jpg,dalle3_sfhq,raw,0.7975,0.0047
DALLE3_image_0001001.jpg,dalle3_sfhq,topographic,0.5333,0.0294
DALLE3_image_0001001.jpg,dalle3_sfhq,edge,0.8639,0.0129
DALLE3_image_0000952.jpg,dalle3_sfhq,raw,0.7881,0.0281
DALLE3_image_0000952.jpg,dalle3_sfhq,topographic,0.5931,0.0607
DALLE3_image_0000952.jpg,dalle3_sfhq,edge,0.8451,0.0549
DALLE3_image_0000372.jpg,dalle3_sfhq,raw,0.8001,0.0023
DALLE3_image_0000372.jpg,dalle3_sfhq,topographic,0.7199,0.0416
DALLE3_image_0000372.jpg,dalle3_sfhq,edge,0.9469,0.0023
DALLE3_image_0000900.jpg,dalle3_sfhq,raw,0.5942,0.3146
DALLE3_image_0000900.jpg,dalle3_sfhq,topographic,0.6509,0.0088
DALLE3_image_0000900.jpg,dalle3_sfhq,edge,0.919,0.0042
DALLE3_image_0000852.jpg,dalle3_sfhq,raw,0.7349,0.0212
DALLE3_image_0000852.jpg,dalle3_sfhq,topographic,0.5653,0.0025
DALLE3_image_0000852.jpg,dalle3_sfhq,edge,0.9247,0.014
DALLE3_image_0000827.jpg,dalle3_sfhq,raw,0.8222,0.01
DALLE3_image_0000827.jpg,dalle3_sfhq,topographic,0.6164,0.065
DALLE3_image_0000827.jpg,dalle3_sfhq,edge,0.8281,0.0375
DALLE3_image_0000315.jpg,dalle3_sfhq,raw,0.8204,0.0298
DALLE3_image_0000315.jpg,dalle3_sfhq,topographic,0.5994,0.022
DALLE3_image_0000315.jpg,dalle3_sfhq,edge,0.9344,0.005
DALLE3_image_0000246.jpg,dalle3_sfhq,raw,0.7435,0.1845
DALLE3_image_0000246.jpg,dalle3_sfhq,topographic,0.5476,0.1378
DALLE3_image_0000246.jpg,dalle3_sfhq,edge,0.8926,0.0586
DALLE3_image_0000060.jpg,dalle3_sfhq,raw,0.8374,0.0922
DALLE3_image_0000060.jpg,dalle3_sfhq,topographic,0.5405,0.065
DALLE3_image_0000060.jpg,dalle3_sfhq,edge,0.8636,0.0155
DALLE3_image_0000247.jpg,dalle3_sfhq,raw,0.8076,0.0675
DALLE3_image_0000247.jpg,dalle3_sfhq,topographic,0.5311,0.0038
DALLE3_image_0000247.jpg,dalle3_sfhq,edge,0.8416,0.0366
DALLE3_image_0000959.jpg,dalle3_sfhq,raw,0.6904,0.0492
DALLE3_image_0000959.jpg,dalle3_sfhq,topographic,0.5176,0.125
DALLE3_image_0000959.jpg,dalle3_sfhq,edge,0.7184,0.1242
DALLE3_image_0000581.jpg,dalle3_sfhq,raw,0.8471,0.0273
DALLE3_image_0000581.jpg,dalle3_sfhq,topographic,0.5386,0.0344
DALLE3_image_0000581.jpg,dalle3_sfhq,edge,0.8373,0.0226
DALLE3_image_0000081.jpg,dalle3_sfhq,raw,0.7686,0.0113
DALLE3_image_0000081.jpg,dalle3_sfhq,topographic,0.5812,0.0036
DALLE3_image_0000081.jpg,dalle3_sfhq,edge,0.8411,0.0285
DALLE3_image_0000088.jpg,dalle3_sfhq,raw,0.7765,0.171
DALLE3_image_0000088.jpg,dalle3_sfhq,topographic,0.5171,0.0849
DALLE3_image_0000088.jpg,dalle3_sfhq,edge,0.779,0.0474
DALLE3_image_0000750.jpg,dalle3_sfhq,raw,0.6156,0.3835
DALLE3_image_0000750.jpg,dalle3_sfhq,topographic,0.7656,0.2082
DALLE3_image_0000750.jpg,dalle3_sfhq,edge,0.9534,0.0363
DALLE3_image_0000498.jpg,dalle3_sfhq,raw,0.6658,0.2169
DALLE3_image_0000498.jpg,dalle3_sfhq,topographic,0.6083,0.1551
DALLE3_image_0000498.jpg,dalle3_sfhq,edge,0.9111,0.052
DALLE3_image_0000836.jpg,dalle3_sfhq,raw,0.7274,0.027
DALLE3_image_0000836.jpg,dalle3_sfhq,topographic,0.5762,0.052
DALLE3_image_0000836.jpg,dalle3_sfhq,edge,0.9061,0.0094
DALLE3_image_0000071.jpg,dalle3_sfhq,raw,0.7902,0.0966
DALLE3_image_0000071.jpg,dalle3_sfhq,topographic,0.6047,0.0617
DALLE3_image_0000071.jpg,dalle3_sfhq,edge,0.8944,0.0349
DALLE3_image_0001072.jpg,dalle3_sfhq,raw,0.7384,0.04
DALLE3_image_0001072.jpg,dalle3_sfhq,topographic,0.5116,0.0247
DALLE3_image_0001072.jpg,dalle3_sfhq,edge,0.7622,0.0265
DALLE3_image_0000546.jpg,dalle3_sfhq,raw,0.7893,0.0473
DALLE3_image_0000546.jpg,dalle3_sfhq,topographic,0.596,0.016
DALLE3_image_0000546.jpg,dalle3_sfhq,edge,0.8331,0.0152
DALLE3_image_0000785.jpg,dalle3_sfhq,raw,0.8838,0.0296
DALLE3_image_0000785.jpg,dalle3_sfhq,topographic,0.601,0.009
DALLE3_image_0000785.jpg,dalle3_sfhq,edge,0.9352,0.0265
DALLE3_image_0000129.jpg,dalle3_sfhq,raw,0.7191,0.0797
DALLE3_image_0000129.jpg,dalle3_sfhq,topographic,0.6554,0.0525
DALLE3_image_0000129.jpg,dalle3_sfhq,edge,0.9361,0.0091
DALLE3_image_0000132.jpg,dalle3_sfhq,raw,0.6032,0.3321
DALLE3_image_0000132.jpg,dalle3_sfhq,topographic,0.5735,0.1968
DALLE3_image_0000132.jpg,dalle3_sfhq,edge,0.8916,0.0466
DALLE3_image_0000676.jpg,dalle3_sfhq,raw,0.8611,0.0957
DALLE3_image_0000676.jpg,dalle3_sfhq,topographic,0.6588,0.0735
DALLE3_image_0000676.jpg,dalle3_sfhq,edge,0.9301,0.0462
DALLE3_image_0000487.jpg,dalle3_sfhq,raw,0.8686,0.0536
DALLE3_image_0000487.jpg,dalle3_sfhq,topographic,0.6855,0.0688
DALLE3_image_0000487.jpg,dalle3_sfhq,edge,0.9721,0.0038
DALLE3_image_0000563.jpg,dalle3_sfhq,raw,0.8518,0.1083
DALLE3_image_0000563.jpg,dalle3_sfhq,topographic,0.6708,0.0127
DALLE3_image_0000563.jpg,dalle3_sfhq,edge,0.9442,0.0132
DALLE3_image_0000170.jpg,dalle3_sfhq,raw,0.8414,0.0165
DALLE3_image_0000170.jpg,dalle3_sfhq,topographic,0.5181,0.0472
DALLE3_image_0000170.jpg,dalle3_sfhq,edge,0.8151,0.011
DALLE3_image_0000272.jpg,dalle3_sfhq,raw,0.7633,0.0543
DALLE3_image_0000272.jpg,dalle3_sfhq,topographic,0.5864,0.0303
DALLE3_image_0000272.jpg,dalle3_sfhq,edge,0.9019,0.0065
DALLE3_image_0000541.jpg,dalle3_sfhq,raw,0.779,0.1874
DALLE3_image_0000541.jpg,dalle3_sfhq,topographic,0.5171,0.0357
DALLE3_image_0000541.jpg,dalle3_sfhq,edge,0.8386,0.0158
DALLE3_image_0000894.jpg,dalle3_sfhq,raw,0.8024,0.1082
DALLE3_image_0000894.jpg,dalle3_sfhq,topographic,0.5364,0.0246
DALLE3_image_0000894.jpg,dalle3_sfhq,edge,0.8768,0.0114
DALLE3_image_0000622.jpg,dalle3_sfhq,raw,0.7304,0.0694
DALLE3_image_0000622.jpg,dalle3_sfhq,topographic,0.5855,0.0695
DALLE3_image_0000622.jpg,dalle3_sfhq,edge,0.8317,0.0369
DALLE3_image_0000434.jpg,dalle3_sfhq,raw,0.8329,0.0982
DALLE3_image_0000434.jpg,dalle3_sfhq,topographic,0.7188,0.0005
DALLE3_image_0000434.jpg,dalle3_sfhq,edge,0.9178,0.0042
DALLE3_image_0000217.jpg,dalle3_sfhq,raw,0.734,0.1625
DALLE3_image_0000217.jpg,dalle3_sfhq,topographic,0.5593,0.02
DALLE3_image_0000217.jpg,dalle3_sfhq,edge,0.8371,0.0134
DALLE3_image_0000972.jpg,dalle3_sfhq,raw,0.7749,0.0048
DALLE3_image_0000972.jpg,dalle3_sfhq,topographic,0.5759,0.0906
DALLE3_image_0000972.jpg,dalle3_sfhq,edge,0.8752,0.0081
DALLE3_image_0000774.jpg,dalle3_sfhq,raw,0.7966,0.1066
DALLE3_image_0000774.jpg,dalle3_sfhq,topographic,0.5674,0.0153
DALLE3_image_0000774.jpg,dalle3_sfhq,edge,0.8969,0.0089
DALLE3_image_0001069.jpg,dalle3_sfhq,raw,0.7884,0.1012
DALLE3_image_0001069.jpg,dalle3_sfhq,topographic,0.5665,0.0252
DALLE3_image_0001069.jpg,dalle3_sfhq,edge,0.8905,0.0115
DALLE3_image_0000707.jpg,dalle3_sfhq,raw,0.7281,0.2108
DALLE3_image_0000707.jpg,dalle3_sfhq,topographic,0.6064,0.0557
DALLE3_image_0000707.jpg,dalle3_sfhq,edge,0.947,0.0105
DALLE3_image_0000206.jpg,dalle3_sfhq,raw,0.7862,0.1153
DALLE3_image_0000206.jpg,dalle3_sfhq,topographic,0.6605,0.034
DALLE3_image_0000206.jpg,dalle3_sfhq,edge,0.9399,0.0139
DALLE3_image_0000731.jpg,dalle3_sfhq,raw,0.7523,0.1593
DALLE3_image_0000731.jpg,dalle3_sfhq,topographic,0.5876,0.0379
DALLE3_image_0000731.jpg,dalle3_sfhq,edge,0.8928,0.0275
DALLE3_image_0000320.jpg,dalle3_sfhq,raw,0.7932,0.1314
DALLE3_image_0000320.jpg,dalle3_sfhq,topographic,0.5911,0.0559
DALLE3_image_0000320.jpg,dalle3_sfhq,edge,0.813,0.0167
DALLE3_image_0000409.jpg,dalle3_sfhq,raw,0.8488,0.0948
DALLE3_image_0000409.jpg,dalle3_sfhq,topographic,0.6509,0.0094
DALLE3_image_0000409.jpg,dalle3_sfhq,edge,0.9224,0.0292
DALLE3_image_0000688.jpg,dalle3_sfhq,raw,0.8215,0.0394
DALLE3_image_0000688.jpg,dalle3_sfhq,topographic,0.584,0.0087
DALLE3_image_0000688.jpg,dalle3_sfhq,edge,0.898,0.0192
DALLE3_image_0000666.jpg,dalle3_sfhq,raw,0.8159,0.0464
DALLE3_image_0000666.jpg,dalle3_sfhq,topographic,0.5831,0.069
DALLE3_image_0000666.jpg,dalle3_sfhq,edge,0.812,0.0336
DALLE3_image_0000975.jpg,dalle3_sfhq,raw,0.8206,0.1205
DALLE3_image_0000975.jpg,dalle3_sfhq,topographic,0.5777,0.0225
DALLE3_image_0000975.jpg,dalle3_sfhq,edge,0.9094,0.0223
DALLE3_image_0000449.jpg,dalle3_sfhq,raw,0.6506,0.3269
DALLE3_image_0000449.jpg,dalle3_sfhq,topographic,0.6729,0.1556
DALLE3_image_0000449.jpg,dalle3_sfhq,edge,0.9647,0.0222
DALLE3_image_0000530.jpg,dalle3_sfhq,raw,0.7667,0.1162
DALLE3_image_0000530.jpg,dalle3_sfhq,topographic,0.6255,0.0202
DALLE3_image_0000530.jpg,dalle3_sfhq,edge,0.9108,0.0038
DALLE3_image_0000463.jpg,dalle3_sfhq,raw,0.7136,0.085
DALLE3_image_0000463.jpg,dalle3_sfhq,topographic,0.5367,0.041
DALLE3_image_0000463.jpg,dalle3_sfhq,edge,0.8363,0.0346
DALLE3_image_0000124.jpg,dalle3_sfhq,raw,0.7798,0.0647
DALLE3_image_0000124.jpg,dalle3_sfhq,topographic,0.5532,0.0362
DALLE3_image_0000124.jpg,dalle3_sfhq,edge,0.7805,0.0191
DALLE3_image_0000254.jpg,dalle3_sfhq,raw,0.7321,0.0382
DALLE3_image_0000254.jpg,dalle3_sfhq,topographic,0.6084,0.0254
DALLE3_image_0000254.jpg,dalle3_sfhq,edge,0.8984,0.033
DALLE3_image_0000231.jpg,dalle3_sfhq,raw,0.69,0.1754
DALLE3_image_0000231.jpg,dalle3_sfhq,topographic,0.5649,0.0204
DALLE3_image_0000231.jpg,dalle3_sfhq,edge,0.8785,0.0028
DALLE3_image_0001052.jpg,dalle3_sfhq,raw,0.6995,0.0217
DALLE3_image_0001052.jpg,dalle3_sfhq,topographic,0.5259,0.0072
DALLE3_image_0001052.jpg,dalle3_sfhq,edge,0.8316,0.0465
DALLE3_image_0000347.jpg,dalle3_sfhq,raw,0.8895,0.0417
DALLE3_image_0000347.jpg,dalle3_sfhq,topographic,0.7312,0.0155
DALLE3_image_0000347.jpg,dalle3_sfhq,edge,0.8719,0.034
DALLE3_image_0000022.jpg,dalle3_sfhq,raw,0.7896,0.1579
DALLE3_image_0000022.jpg,dalle3_sfhq,topographic,0.568,0.0083
DALLE3_image_0000022.jpg,dalle3_sfhq,edge,0.8703,0.0421
DALLE3_image_0000603.jpg,dalle3_sfhq,raw,0.773,0.0474
DALLE3_image_0000603.jpg,dalle3_sfhq,topographic,0.55,0.0189
DALLE3_image_0000603.jpg,dalle3_sfhq,edge,0.7919,0.0311
DALLE3_image_0000568.jpg,dalle3_sfhq,raw,0.8115,0.0848
DALLE3_image_0000568.jpg,dalle3_sfhq,topographic,0.5998,0.0382
DALLE3_image_0000568.jpg,dalle3_sfhq,edge,0.8972,0.0186
DALLE3_image_0000236.jpg,dalle3_sfhq,raw,0.7549,0.001
DALLE3_image_0000236.jpg,dalle3_sfhq,topographic,0.5437,0.0057
DALLE3_image_0000236.jpg,dalle3_sfhq,edge,0.8804,0.0066
DALLE3_image_0000909.jpg,dalle3_sfhq,raw,0.7582,0.0543
DALLE3_image_0000909.jpg,dalle3_sfhq,topographic,0.5398,0.0316
DALLE3_image_0000909.jpg,dalle3_sfhq,edge,0.7896,0.0517
DALLE3_image_0000226.jpg,dalle3_sfhq,raw,0.8906,0.0735
DALLE3_image_0000226.jpg,dalle3_sfhq,topographic,0.7645,0.0843
DALLE3_image_0000226.jpg,dalle3_sfhq,edge,0.9009,0.0328
DALLE3_image_0000008.jpg,dalle3_sfhq,raw,0.6947,0.0335
DALLE3_image_0000008.jpg,dalle3_sfhq,topographic,0.5993,0.0879
DALLE3_image_0000008.jpg,dalle3_sfhq,edge,0.8065,0.1315
DALLE3_image_0000073.jpg,dalle3_sfhq,raw,0.755,0.1116
DALLE3_image_0000073.jpg,dalle3_sfhq,topographic,0.6393,0.1417
DALLE3_image_0000073.jpg,dalle3_sfhq,edge,0.9419,0.0255
DALLE3_image_0000725.jpg,dalle3_sfhq,raw,0.8726,0.0749
DALLE3_image_0000725.jpg,dalle3_sfhq,topographic,0.5963,0.017
DALLE3_image_0000725.jpg,dalle3_sfhq,edge,0.9103,0.0186
DALLE3_image_0001051.jpg,dalle3_sfhq,raw,0.7496,0.146
DALLE3_image_0001051.jpg,dalle3_sfhq,topographic,0.5485,0.0804
DALLE3_image_0001051.jpg,dalle3_sfhq,edge,0.8999,0.0229
DALLE3_image_0000061.jpg,dalle3_sfhq,raw,0.8481,0.0214
DALLE3_image_0000061.jpg,dalle3_sfhq,topographic,0.5984,0.017
DALLE3_image_0000061.jpg,dalle3_sfhq,edge,0.8171,0.0213
DALLE3_image_0000235.jpg,dalle3_sfhq,raw,0.8154,0.0663
DALLE3_image_0000235.jpg,dalle3_sfhq,topographic,0.6849,0.0096
DALLE3_image_0000235.jpg,dalle3_sfhq,edge,0.9493,0.0031
DALLE3_image_0000070.jpg,dalle3_sfhq,raw,0.9075,0.0567
DALLE3_image_0000070.jpg,dalle3_sfhq,topographic,0.6826,0.0367
DALLE3_image_0000070.jpg,dalle3_sfhq,edge,0.9332,0.0215
DALLE3_image_0000033.jpg,dalle3_sfhq,raw,0.7426,0.1178
DALLE3_image_0000033.jpg,dalle3_sfhq,topographic,0.6341,0.0157
DALLE3_image_0000033.jpg,dalle3_sfhq,edge,0.9246,0.0244
DALLE3_image_0000881.jpg,dalle3_sfhq,raw,0.8004,0.0717
DALLE3_image_0000881.jpg,dalle3_sfhq,topographic,0.5635,0.0531
DALLE3_image_0000881.jpg,dalle3_sfhq,edge,0.908,0.0241
DALLE3_image_0000339.jpg,dalle3_sfhq,raw,0.8348,0.0229
DALLE3_image_0000339.jpg,dalle3_sfhq,topographic,0.561,0.0512
DALLE3_image_0000339.jpg,dalle3_sfhq,edge,0.8719,0.0493
DALLE3_image_0000903.jpg,dalle3_sfhq,raw,0.6924,0.2318
DALLE3_image_0000903.jpg,dalle3_sfhq,topographic,0.5483,0.0646
DALLE3_image_0000903.jpg,dalle3_sfhq,edge,0.7814,0.0367
DALLE3_image_0000527.jpg,dalle3_sfhq,raw,0.6674,0.3021
DALLE3_image_0000527.jpg,dalle3_sfhq,topographic,0.5556,0.1517
DALLE3_image_0000527.jpg,dalle3_sfhq,edge,0.8157,0.0857
DALLE3_image_0000244.jpg,dalle3_sfhq,raw,0.7168,0.148
DALLE3_image_0000244.jpg,dalle3_sfhq,topographic,0.5601,0.0285
DALLE3_image_0000244.jpg,dalle3_sfhq,edge,0.8751,0.0305
DALLE3_image_0001039.jpg,dalle3_sfhq,raw,0.8259,0.0238
DALLE3_image_0001039.jpg,dalle3_sfhq,topographic,0.6407,0.0477
DALLE3_image_0001039.jpg,dalle3_sfhq,edge,0.8996,0.0084
DALLE3_image_0000686.jpg,dalle3_sfhq,raw,0.783,0.1164
DALLE3_image_0000686.jpg,dalle3_sfhq,topographic,0.6089,0.0252
DALLE3_image_0000686.jpg,dalle3_sfhq,edge,0.9084,0.0133
DALLE3_image_0001059.jpg,dalle3_sfhq,raw,0.7632,0.0437
DALLE3_image_0001059.jpg,dalle3_sfhq,topographic,0.5492,0.0499
DALLE3_image_0001059.jpg,dalle3_sfhq,edge,0.8585,0.0121
DALLE3_image_0000220.jpg,dalle3_sfhq,raw,0.7614,0.105
DALLE3_image_0000220.jpg,dalle3_sfhq,topographic,0.5893,0.0774
DALLE3_image_0000220.jpg,dalle3_sfhq,edge,0.9308,0.024
DALLE3_image_0001070.jpg,dalle3_sfhq,raw,0.7585,0.081
DALLE3_image_0001070.jpg,dalle3_sfhq,topographic,0.5356,0.0493
DALLE3_image_0001070.jpg,dalle3_sfhq,edge,0.7832,0.0638
DALLE3_image_0001048.jpg,dalle3_sfhq,raw,0.7592,0.1128
DALLE3_image_0001048.jpg,dalle3_sfhq,topographic,0.6092,0.0722
DALLE3_image_0001048.jpg,dalle3_sfhq,edge,0.8812,0.0116
DALLE3_image_0001081.jpg,dalle3_sfhq,raw,0.7828,0.0578
DALLE3_image_0001081.jpg,dalle3_sfhq,topographic,0.5654,0.0726
DALLE3_image_0001081.jpg,dalle3_sfhq,edge,0.8871,0.0625
DALLE3_image_0000585.jpg,dalle3_sfhq,raw,0.8192,0.0476
DALLE3_image_0000585.jpg,dalle3_sfhq,topographic,0.6006,0.0431
DALLE3_image_0000585.jpg,dalle3_sfhq,edge,0.8831,0.0014
DALLE3_image_0000591.jpg,dalle3_sfhq,raw,0.7363,0.1758
DALLE3_image_0000591.jpg,dalle3_sfhq,topographic,0.506,0.0835
DALLE3_image_0000591.jpg,dalle3_sfhq,edge,0.8484,0.0424
DALLE3_image_0000485.jpg,dalle3_sfhq,raw,0.7653,0.0203
DALLE3_image_0000485.jpg,dalle3_sfhq,topographic,0.5858,0.0285
DALLE3_image_0000485.jpg,dalle3_sfhq,edge,0.9072,0.014
DALLE3_image_0000249.jpg,dalle3_sfhq,raw,0.7482,0.181
DALLE3_image_0000249.jpg,dalle3_sfhq,topographic,0.5265,0.0661
DALLE3_image_0000249.jpg,dalle3_sfhq,edge,0.8031,0.0864
DALLE3_image_0000804.jpg,dalle3_sfhq,raw,0.7835,0.0311
DALLE3_image_0000804.jpg,dalle3_sfhq,topographic,0.5968,0.0082
DALLE3_image_0000804.jpg,dalle3_sfhq,edge,0.8545,0.0005
DALLE3_image_0001015.jpg,dalle3_sfhq,raw,0.8677,0.0028
DALLE3_image_0001015.jpg,dalle3_sfhq,topographic,0.5975,0.0057
DALLE3_image_0001015.jpg,dalle3_sfhq,edge,0.9311,0.0003
DALLE3_image_0000957.jpg,dalle3_sfhq,raw,0.8262,0.1481
DALLE3_image_0000957.jpg,dalle3_sfhq,topographic,0.6275,0.0961
DALLE3_image_0000957.jpg,dalle3_sfhq,edge,0.8618,0.0525
DALLE3_image_0000417.jpg,dalle3_sfhq,raw,0.8842,0.0174
DALLE3_image_0000417.jpg,dalle3_sfhq,topographic,0.6264,0.0117
DALLE3_image_0000417.jpg,dalle3_sfhq,edge,0.937,0.0022
DALLE3_image_0000195.jpg,dalle3_sfhq,raw,0.7764,0.0766
DALLE3_image_0000195.jpg,dalle3_sfhq,topographic,0.5396,0.0848
DALLE3_image_0000195.jpg,dalle3_sfhq,edge,0.7276,0.0787
DALLE3_image_0001029.jpg,dalle3_sfhq,raw,0.8369,0.0777
DALLE3_image_0001029.jpg,dalle3_sfhq,topographic,0.5827,0.0401
DALLE3_image_0001029.jpg,dalle3_sfhq,edge,0.8782,0.0415
DALLE3_image_0000100.jpg,dalle3_sfhq,raw,0.7809,0.1026
DALLE3_image_0000100.jpg,dalle3_sfhq,topographic,0.5649,0.0496
DALLE3_image_0000100.jpg,dalle3_sfhq,edge,0.8585,0.0336
DALLE3_image_0000675.jpg,dalle3_sfhq,raw,0.7373,0.1666
DALLE3_image_0000675.jpg,dalle3_sfhq,topographic,0.5755,0.0412
DALLE3_image_0000675.jpg,dalle3_sfhq,edge,0.8564,0.0618
DALLE3_image_0000442.jpg,dalle3_sfhq,raw,0.8345,0.0093
DALLE3_image_0000442.jpg,dalle3_sfhq,topographic,0.5909,0.0512
DALLE3_image_0000442.jpg,dalle3_sfhq,edge,0.8835,0.0151
DALLE3_image_0000363.jpg,dalle3_sfhq,raw,0.78,0.0977
DALLE3_image_0000363.jpg,dalle3_sfhq,topographic,0.562,0.0332
DALLE3_image_0000363.jpg,dalle3_sfhq,edge,0.8879,0.0267
DALLE3_image_0000931.jpg,dalle3_sfhq,raw,0.6875,0.2989
DALLE3_image_0000931.jpg,dalle3_sfhq,topographic,0.5589,0.2218
DALLE3_image_0000931.jpg,dalle3_sfhq,edge,0.84,0.0889
DALLE3_image_0000421.jpg,dalle3_sfhq,raw,0.7833,0.1712
DALLE3_image_0000421.jpg,dalle3_sfhq,topographic,0.5954,0.1078
DALLE3_image_0000421.jpg,dalle3_sfhq,edge,0.9121,0.0518
DALLE3_image_0000479.jpg,dalle3_sfhq,raw,0.8228,0.0397
DALLE3_image_0000479.jpg,dalle3_sfhq,topographic,0.6357,0.006
DALLE3_image_0000479.jpg,dalle3_sfhq,edge,0.8323,0.0101
DALLE3_image_0000747.jpg,dalle3_sfhq,raw,0.8603,0.0484
DALLE3_image_0000747.jpg,dalle3_sfhq,topographic,0.6343,0.0109
DALLE3_image_0000747.jpg,dalle3_sfhq,edge,0.9621,0.0044
DALLE3_image_0000056.jpg,dalle3_sfhq,raw,0.7772,0.087
DALLE3_image_0000056.jpg,dalle3_sfhq,topographic,0.6003,0.0816
DALLE3_image_0000056.jpg,dalle3_sfhq,edge,0.9297,0.0183
DALLE3_image_0001095.jpg,dalle3_sfhq,raw,0.7377,0.1252
DALLE3_image_0001095.jpg,dalle3_sfhq,topographic,0.5434,0.0257
DALLE3_image_0001095.jpg,dalle3_sfhq,edge,0.8727,0.0076
DALLE3_image_0000670.jpg,dalle3_sfhq,raw,0.8122,0.1231
DALLE3_image_0000670.jpg,dalle3_sfhq,topographic,0.7077,0.0188
DALLE3_image_0000670.jpg,dalle3_sfhq,edge,0.9321,0.0114
DALLE3_image_0000662.jpg,dalle3_sfhq,raw,0.7668,0.1105
DALLE3_image_0000662.jpg,dalle3_sfhq,topographic,0.5377,0.008
DALLE3_image_0000662.jpg,dalle3_sfhq,edge,0.7993,0.0315
DALLE3_image_0000101.jpg,dalle3_sfhq,raw,0.8257,0.036
DALLE3_image_0000101.jpg,dalle3_sfhq,topographic,0.6574,0.008
DALLE3_image_0000101.jpg,dalle3_sfhq,edge,0.9531,0.0015
DALLE3_image_0000063.jpg,dalle3_sfhq,raw,0.7444,0.0898
DALLE3_image_0000063.jpg,dalle3_sfhq,topographic,0.6211,0.0459
DALLE3_image_0000063.jpg,dalle3_sfhq,edge,0.9389,0.004
DALLE3_image_0000413.jpg,dalle3_sfhq,raw,0.7182,0.1003
DALLE3_image_0000413.jpg,dalle3_sfhq,topographic,0.5546,0.0673
DALLE3_image_0000413.jpg,dalle3_sfhq,edge,0.8864,0.003
DALLE3_image_0000746.jpg,dalle3_sfhq,raw,0.7751,0.098
DALLE3_image_0000746.jpg,dalle3_sfhq,topographic,0.5343,0.0253
DALLE3_image_0000746.jpg,dalle3_sfhq,edge,0.8057,0.0219
DALLE3_image_0000348.jpg,dalle3_sfhq,raw,0.8005,0.0955
DALLE3_image_0000348.jpg,dalle3_sfhq,topographic,0.5912,0.0596
DALLE3_image_0000348.jpg,dalle3_sfhq,edge,0.9385,0.0117
DALLE3_image_0000820.jpg,dalle3_sfhq,raw,0.7708,0.1833
DALLE3_image_0000820.jpg,dalle3_sfhq,topographic,0.5337,0.0518
DALLE3_image_0000820.jpg,dalle3_sfhq,edge,0.8785,0.0129
DALLE3_image_0000112.jpg,dalle3_sfhq,raw,0.8807,0.0003
DALLE3_image_0000112.jpg,dalle3_sfhq,topographic,0.7349,0.0102
DALLE3_image_0000112.jpg,dalle3_sfhq,edge,0.9718,0.0014
DALLE3_image_0000255.jpg,dalle3_sfhq,raw,0.9056,0.0481
DALLE3_image_0000255.jpg,dalle3_sfhq,topographic,0.7458,0.0453
DALLE3_image_0000255.jpg,dalle3_sfhq,edge,0.9719,0.0001
DALLE3_image_0000197.jpg,dalle3_sfhq,raw,0.8191,0.0738
DALLE3_image_0000197.jpg,dalle3_sfhq,topographic,0.5617,0.0036
DALLE3_image_0000197.jpg,dalle3_sfhq,edge,0.783,0.0064
DALLE3_image_0000876.jpg,dalle3_sfhq,raw,0.7816,0.0267
DALLE3_image_0000876.jpg,dalle3_sfhq,topographic,0.5474,0.0199
DALLE3_image_0000876.jpg,dalle3_sfhq,edge,0.8596,0.0164
DALLE3_image_0001007.jpg,dalle3_sfhq,raw,0.9284,0.0422
DALLE3_image_0001007.jpg,dalle3_sfhq,topographic,0.862,0.0197
DALLE3_image_0001007.jpg,dalle3_sfhq,edge,0.9692,0.0005
DALLE3_image_0000460.jpg,dalle3_sfhq,raw,0.8251,0.0591
DALLE3_image_0000460.jpg,dalle3_sfhq,topographic,0.6149,0.0362
DALLE3_image_0000460.jpg,dalle3_sfhq,edge,0.9397,0.0111
DALLE3_image_0000144.jpg,dalle3_sfhq,raw,0.7465,0.1028
DALLE3_image_0000144.jpg,dalle3_sfhq,topographic,0.5722,0.0948
DALLE3_image_0000144.jpg,dalle3_sfhq,edge,0.9114,0.0281
DALLE3_image_0001047.jpg,dalle3_sfhq,raw,0.7295,0.2112
DALLE3_image_0001047.jpg,dalle3_sfhq,topographic,0.5479,0.0558
DALLE3_image_0001047.jpg,dalle3_sfhq,edge,0.8466,0.0269
DALLE3_image_0000188.jpg,dalle3_sfhq,raw,0.8251,0.0802
DALLE3_image_0000188.jpg,dalle3_sfhq,topographic,0.5919,0.0801
DALLE3_image_0000188.jpg,dalle3_sfhq,edge,0.8502,0.0605
DALLE3_image_0000891.jpg,dalle3_sfhq,raw,0.8925,0.0063
DALLE3_image_0000891.jpg,dalle3_sfhq,topographic,0.6973,0.0127
DALLE3_image_0000891.jpg,dalle3_sfhq,edge,0.9698,0.0039
DALLE3_image_0000474.jpg,dalle3_sfhq,raw,0.8035,0.081
DALLE3_image_0000474.jpg,dalle3_sfhq,topographic,0.6887,0.0103
DALLE3_image_0000474.jpg,dalle3_sfhq,edge,0.964,0.0104
DALLE3_image_0001085.jpg,dalle3_sfhq,raw,0.7929,0.1018
DALLE3_image_0001085.jpg,dalle3_sfhq,topographic,0.6802,0.0637
DALLE3_image_0001085.jpg,dalle3_sfhq,edge,0.9132,0.0347
DALLE3_image_0000078.jpg,dalle3_sfhq,raw,0.7563,0.0684
DALLE3_image_0000078.jpg,dalle3_sfhq,topographic,0.6116,0.0484
DALLE3_image_0000078.jpg,dalle3_sfhq,edge,0.9252,0.0022
DALLE3_image_0000454.jpg,dalle3_sfhq,raw,0.8429,0.135
DALLE3_image_0000454.jpg,dalle3_sfhq,topographic,0.5911,0.0403
DALLE3_image_0000454.jpg,dalle3_sfhq,edge,0.8095,0.0613
DALLE3_image_0000828.jpg,dalle3_sfhq,raw,0.8011,0.0551
DALLE3_image_0000828.jpg,dalle3_sfhq,topographic,0.5723,0.088
DALLE3_image_0000828.jpg,dalle3_sfhq,edge,0.9143,0.0188
DALLE3_image_0001121.jpg,dalle3_sfhq,raw,0.7019,0.1171
DALLE3_image_0001121.jpg,dalle3_sfhq,topographic,0.5345,0.03
DALLE3_image_0001121.jpg,dalle3_sfhq,edge,0.8128,0.0036
DALLE3_image_0000981.jpg,dalle3_sfhq,raw,0.9282,0.0023
DALLE3_image_0000981.jpg,dalle3_sfhq,topographic,0.7872,0.0064
DALLE3_image_0000981.jpg,dalle3_sfhq,edge,0.9168,0.007
DALLE3_image_0001122.jpg,dalle3_sfhq,raw,0.7398,0.0016
DALLE3_image_0001122.jpg,dalle3_sfhq,topographic,0.5446,0.1439
DALLE3_image_0001122.jpg,dalle3_sfhq,edge,0.8474,0.1
DALLE3_image_0000668.jpg,dalle3_sfhq,raw,0.7661,0.0314
DALLE3_image_0000668.jpg,dalle3_sfhq,topographic,0.6105,0.0946
DALLE3_image_0000668.jpg,dalle3_sfhq,edge,0.906,0.0412
DALLE3_image_0000554.jpg,dalle3_sfhq,raw,0.7014,0.0888
DALLE3_image_0000554.jpg,dalle3_sfhq,topographic,0.6325,0.0076
DALLE3_image_0000554.jpg,dalle3_sfhq,edge,0.9049,0.0109
DALLE3_image_0000016.jpg,dalle3_sfhq,raw,0.79,0.0507
DALLE3_image_0000016.jpg,dalle3_sfhq,topographic,0.6227,0.0308
DALLE3_image_0000016.jpg,dalle3_sfhq,edge,0.9172,0.0154
DALLE3_image_0000096.jpg,dalle3_sfhq,raw,0.7604,0.0293
DALLE3_image_0000096.jpg,dalle3_sfhq,topographic,0.5439,0.0339
DALLE3_image_0000096.jpg,dalle3_sfhq,edge,0.8192,0.0212
DALLE3_image_0000772.jpg,dalle3_sfhq,raw,0.676,0.1711
DALLE3_image_0000772.jpg,dalle3_sfhq,topographic,0.5304,0.0238
DALLE3_image_0000772.jpg,dalle3_sfhq,edge,0.8685,0.0327
DALLE3_image_0000243.jpg,dalle3_sfhq,raw,0.7527,0.0014
DALLE3_image_0000243.jpg,dalle3_sfhq,topographic,0.5507,0.0741
DALLE3_image_0000243.jpg,dalle3_sfhq,edge,0.8458,0.0213
DALLE3_image_0000171.jpg,dalle3_sfhq,raw,0.7351,0.0603
DALLE3_image_0000171.jpg,dalle3_sfhq,topographic,0.5426,0.0134
DALLE3_image_0000171.jpg,dalle3_sfhq,edge,0.8628,0.0001
DALLE3_image_0000877.jpg,dalle3_sfhq,raw,0.725,0.1451
DALLE3_image_0000877.jpg,dalle3_sfhq,topographic,0.5228,0.0218
DALLE3_image_0000877.jpg,dalle3_sfhq,edge,0.8257,0.0101
DALLE3_image_0000889.jpg,dalle3_sfhq,raw,0.7904,0.0572
DALLE3_image_0000889.jpg,dalle3_sfhq,topographic,0.5876,0.0426
DALLE3_image_0000889.jpg,dalle3_sfhq,edge,0.863,0.0313
DALLE3_image_0000493.jpg,dalle3_sfhq,raw,0.8582,0.0425
DALLE3_image_0000493.jpg,dalle3_sfhq,topographic,0.5699,0.0052
DALLE3_image_0000493.jpg,dalle3_sfhq,edge,0.869,0.0065
DALLE3_image_0000219.jpg,dalle3_sfhq,raw,0.7317,0.0217
DALLE3_image_0000219.jpg,dalle3_sfhq,topographic,0.5756,0.0018
DALLE3_image_0000219.jpg,dalle3_sfhq,edge,0.9068,0.0091
DALLE3_image_0000411.jpg,dalle3_sfhq,raw,0.8293,0.0679
DALLE3_image_0000411.jpg,dalle3_sfhq,topographic,0.6504,0.016
DALLE3_image_0000411.jpg,dalle3_sfhq,edge,0.9567,0.0025
DALLE3_image_0000961.jpg,dalle3_sfhq,raw,0.8655,0.0101
DALLE3_image_0000961.jpg,dalle3_sfhq,topographic,0.7274,0.0082
DALLE3_image_0000961.jpg,dalle3_sfhq,edge,0.8438,0.0095
DALLE3_image_0000169.jpg,dalle3_sfhq,raw,0.9099,0.0235
DALLE3_image_0000169.jpg,dalle3_sfhq,topographic,0.7296,0.0522
DALLE3_image_0000169.jpg,dalle3_sfhq,edge,0.9275,0.0246
DALLE3_image_0000389.jpg,dalle3_sfhq,raw,0.7529,0.0502
DALLE3_image_0000389.jpg,dalle3_sfhq,topographic,0.5537,0.0248
DALLE3_image_0000389.jpg,dalle3_sfhq,edge,0.8119,0.0191
DALLE3_image_0000003.jpg,dalle3_sfhq,raw,0.7924,0.0765
DALLE3_image_0000003.jpg,dalle3_sfhq,topographic,0.5205,0.054
DALLE3_image_0000003.jpg,dalle3_sfhq,edge,0.8605,0.0148
DALLE3_image_0000400.jpg,dalle3_sfhq,raw,0.7415,0.0274
DALLE3_image_0000400.jpg,dalle3_sfhq,topographic,0.5788,0.001
DALLE3_image_0000400.jpg,dalle3_sfhq,edge,0.7992,0.0363
DALLE3_image_0000986.jpg,dalle3_sfhq,raw,0.7967,0.0052
DALLE3_image_0000986.jpg,dalle3_sfhq,topographic,0.5193,0.0801
DALLE3_image_0000986.jpg,dalle3_sfhq,edge,0.8059,0.054
DALLE3_image_0000803.jpg,dalle3_sfhq,raw,0.7174,0.1288
DALLE3_image_0000803.jpg,dalle3_sfhq,topographic,0.6306,0.0484
DALLE3_image_0000803.jpg,dalle3_sfhq,edge,0.8064,0.0811
DALLE3_image_0000880.jpg,dalle3_sfhq,raw,0.8131,0.0971
DALLE3_image_0000880.jpg,dalle3_sfhq,topographic,0.5395,0.0486
DALLE3_image_0000880.jpg,dalle3_sfhq,edge,0.9165,0.0056
DALLE3_image_0000466.jpg,dalle3_sfhq,raw,0.832,0.1125
DALLE3_image_0000466.jpg,dalle3_sfhq,topographic,0.63,0.0799
DALLE3_image_0000466.jpg,dalle3_sfhq,edge,0.9231,0.0444
DALLE3_image_0001041.jpg,dalle3_sfhq,raw,0.7623,0.0653
DALLE3_image_0001041.jpg,dalle3_sfhq,topographic,0.6058,0.0035
DALLE3_image_0001041.jpg,dalle3_sfhq,edge,0.8724,0.0078
DALLE3_image_0000870.jpg,dalle3_sfhq,raw,0.7852,0.1545
DALLE3_image_0000870.jpg,dalle3_sfhq,topographic,0.6846,0.0973
DALLE3_image_0000870.jpg,dalle3_sfhq,edge,0.8568,0.0161
DALLE3_image_0000714.jpg,dalle3_sfhq,raw,0.7252,0.2193
DALLE3_image_0000714.jpg,dalle3_sfhq,topographic,0.6096,0.028
DALLE3_image_0000714.jpg,dalle3_sfhq,edge,0.9064,0.0154
DALLE3_image_0000749.jpg,dalle3_sfhq,raw,0.8004,0.0166
DALLE3_image_0000749.jpg,dalle3_sfhq,topographic,0.5755,0.04
DALLE3_image_0000749.jpg,dalle3_sfhq,edge,0.919,0.0103
DALLE3_image_0000857.jpg,dalle3_sfhq,raw,0.8573,0.0621
DALLE3_image_0000857.jpg,dalle3_sfhq,topographic,0.696,0.168
DALLE3_image_0000857.jpg,dalle3_sfhq,edge,0.9413,0.0365
DALLE3_image_0001071.jpg,dalle3_sfhq,raw,0.78,0.0555
DALLE3_image_0001071.jpg,dalle3_sfhq,topographic,0.5485,0.0147
DALLE3_image_0001071.jpg,dalle3_sfhq,edge,0.8337,0.02
DALLE3_image_0000678.jpg,dalle3_sfhq,raw,0.7672,0.0679
DALLE3_image_0000678.jpg,dalle3_sfhq,topographic,0.5202,0.0019
DALLE3_image_0000678.jpg,dalle3_sfhq,edge,0.8144,0.0261
DALLE3_image_0001090.jpg,dalle3_sfhq,raw,0.7371,0.1327
DALLE3_image_0001090.jpg,dalle3_sfhq,topographic,0.5892,0.0045
DALLE3_image_0001090.jpg,dalle3_sfhq,edge,0.898,0.0154
DALLE3_image_0000499.jpg,dalle3_sfhq,raw,0.7271,0.0195
DALLE3_image_0000499.jpg,dalle3_sfhq,topographic,0.6228,0.1574
DALLE3_image_0000499.jpg,dalle3_sfhq,edge,0.9432,0.04
DALLE3_image_0000159.jpg,dalle3_sfhq,raw,0.8847,0.0372
DALLE3_image_0000159.jpg,dalle3_sfhq,topographic,0.6696,0.0499
DALLE3_image_0000159.jpg,dalle3_sfhq,edge,0.8793,0.0225
DALLE3_image_0000853.jpg,dalle3_sfhq,raw,0.8562,0.1071
DALLE3_image_0000853.jpg,dalle3_sfhq,topographic,0.6353,0.0364
DALLE3_image_0000853.jpg,dalle3_sfhq,edge,0.9354,0.0191
DALLE3_image_0000304.jpg,dalle3_sfhq,raw,0.7899,0.0129
DALLE3_image_0000304.jpg,dalle3_sfhq,topographic,0.6502,0.0768
DALLE3_image_0000304.jpg,dalle3_sfhq,edge,0.8032,0.0491
DALLE3_image_0000223.jpg,dalle3_sfhq,raw,0.7685,0.0468
DALLE3_image_0000223.jpg,dalle3_sfhq,topographic,0.5619,0.0531
DALLE3_image_0000223.jpg,dalle3_sfhq,edge,0.8727,0.0161
DALLE3_image_0000954.jpg,dalle3_sfhq,raw,0.7671,0.1226
DALLE3_image_0000954.jpg,dalle3_sfhq,topographic,0.5969,0.0515
DALLE3_image_0000954.jpg,dalle3_sfhq,edge,0.8373,0.0116
DALLE3_image_0000594.jpg,dalle3_sfhq,raw,0.7726,0.0059
DALLE3_image_0000594.jpg,dalle3_sfhq,topographic,0.5632,0.0238
DALLE3_image_0000594.jpg,dalle3_sfhq,edge,0.8455,0.0217
DALLE3_image_0000754.jpg,dalle3_sfhq,raw,0.7598,0.0498
DALLE3_image_0000754.jpg,dalle3_sfhq,topographic,0.6054,0.06
DALLE3_image_0000754.jpg,dalle3_sfhq,edge,0.8968,0.0108
DALLE3_image_0000556.jpg,dalle3_sfhq,raw,0.6763,0.1322
DALLE3_image_0000556.jpg,dalle3_sfhq,topographic,0.5966,0.0326
DALLE3_image_0000556.jpg,dalle3_sfhq,edge,0.8191,0.0051
DALLE3_image_0000861.jpg,dalle3_sfhq,raw,0.7043,0.0709
DALLE3_image_0000861.jpg,dalle3_sfhq,topographic,0.5759,0.0029
DALLE3_image_0000861.jpg,dalle3_sfhq,edge,0.9102,0.008
DALLE3_image_0000766.jpg,dalle3_sfhq,raw,0.7134,0.0433
DALLE3_image_0000766.jpg,dalle3_sfhq,topographic,0.6053,0.0231
DALLE3_image_0000766.jpg,dalle3_sfhq,edge,0.9117,0.0209
DALLE3_image_0000322.jpg,dalle3_sfhq,raw,0.7246,0.1296
DALLE3_image_0000322.jpg,dalle3_sfhq,topographic,0.5536,0.0195
DALLE3_image_0000322.jpg,dalle3_sfhq,edge,0.8888,0.0095
DALLE3_image_0000059.jpg,dalle3_sfhq,raw,0.7713,0.046
DALLE3_image_0000059.jpg,dalle3_sfhq,topographic,0.5502,0.0072
DALLE3_image_0000059.jpg,dalle3_sfhq,edge,0.9279,0.006
DALLE3_image_0000839.jpg,dalle3_sfhq,raw,0.7527,0.0271
DALLE3_image_0000839.jpg,dalle3_sfhq,topographic,0.6325,0.0368
DALLE3_image_0000839.jpg,dalle3_sfhq,edge,0.9314,0.0066
DALLE3_image_0000599.jpg,dalle3_sfhq,raw,0.8984,0.0253
DALLE3_image_0000599.jpg,dalle3_sfhq,topographic,0.599,0.0104
DALLE3_image_0000599.jpg,dalle3_sfhq,edge,0.8982,0.0154
DALLE3_image_0000489.jpg,dalle3_sfhq,raw,0.7438,0.1976
DALLE3_image_0000489.jpg,dalle3_sfhq,topographic,0.5535,0.0256
DALLE3_image_0000489.jpg,dalle3_sfhq,edge,0.9019,0.0386
DALLE3_image_0000515.jpg,dalle3_sfhq,raw,0.791,0.0463
DALLE3_image_0000515.jpg,dalle3_sfhq,topographic,0.5682,0.0112
DALLE3_image_0000515.jpg,dalle3_sfhq,edge,0.892,0.0072
DALLE3_image_0000969.jpg,dalle3_sfhq,raw,0.7798,0.0524
DALLE3_image_0000969.jpg,dalle3_sfhq,topographic,0.5567,0.1345
DALLE3_image_0000969.jpg,dalle3_sfhq,edge,0.8593,0.0473
DALLE3_image_0000998.jpg,dalle3_sfhq,raw,0.655,0.2766
DALLE3_image_0000998.jpg,dalle3_sfhq,topographic,0.6088,0.2488
DALLE3_image_0000998.jpg,dalle3_sfhq,edge,0.8733,0.0977
DALLE3_image_0000797.jpg,dalle3_sfhq,raw,0.8149,0.0784
DALLE3_image_0000797.jpg,dalle3_sfhq,topographic,0.5651,0.0172
DALLE3_image_0000797.jpg,dalle3_sfhq,edge,0.8475,0.0137
DALLE3_image_0000521.jpg,dalle3_sfhq,raw,0.6967,0.1202
DALLE3_image_0000521.jpg,dalle3_sfhq,topographic,0.5268,0.0381
DALLE3_image_0000521.jpg,dalle3_sfhq,edge,0.7985,0.0909
DALLE3_image_0000083.jpg,dalle3_sfhq,raw,0.7268,0.0822
DALLE3_image_0000083.jpg,dalle3_sfhq,topographic,0.5596,0.048
DALLE3_image_0000083.jpg,dalle3_sfhq,edge,0.896,0.0403
DALLE3_image_0000191.jpg,dalle3_sfhq,raw,0.813,0.0841
DALLE3_image_0000191.jpg,dalle3_sfhq,topographic,0.6543,0.0486
DALLE3_image_0000191.jpg,dalle3_sfhq,edge,0.9311,0.0303
DALLE3_image_0000970.jpg,dalle3_sfhq,raw,0.7499,0.138
DALLE3_image_0000970.jpg,dalle3_sfhq,topographic,0.6381,0.1404
DALLE3_image_0000970.jpg,dalle3_sfhq,edge,0.9039,0.0681
DALLE3_image_0000610.jpg,dalle3_sfhq,raw,0.8013,0.1041
DALLE3_image_0000610.jpg,dalle3_sfhq,topographic,0.5508,0.0364
DALLE3_image_0000610.jpg,dalle3_sfhq,edge,0.8996,0.0105
DALLE3_image_0000898.jpg,dalle3_sfhq,raw,0.8076,0.0823
DALLE3_image_0000898.jpg,dalle3_sfhq,topographic,0.5238,0.0211
DALLE3_image_0000898.jpg,dalle3_sfhq,edge,0.6633,0.0017
DALLE3_image_0000692.jpg,dalle3_sfhq,raw,0.7108,0.1012
DALLE3_image_0000692.jpg,dalle3_sfhq,topographic,0.5612,0.0706
DALLE3_image_0000692.jpg,dalle3_sfhq,edge,0.8915,0.0118
DALLE3_image_0000241.jpg,dalle3_sfhq,raw,0.8261,0.0959
DALLE3_image_0000241.jpg,dalle3_sfhq,topographic,0.6256,0.0293
DALLE3_image_0000241.jpg,dalle3_sfhq,edge,0.8822,0.017
DALLE3_image_0000414.jpg,dalle3_sfhq,raw,0.8212,0.0359
DALLE3_image_0000414.jpg,dalle3_sfhq,topographic,0.5569,0.0188
DALLE3_image_0000414.jpg,dalle3_sfhq,edge,0.8848,0.0173
DALLE3_image_0000123.jpg,dalle3_sfhq,raw,0.7356,0.1046
DALLE3_image_0000123.jpg,dalle3_sfhq,topographic,0.608,0.0952
DALLE3_image_0000123.jpg,dalle3_sfhq,edge,0.9433,0.0089
DALLE3_image_0000584.jpg,dalle3_sfhq,raw,0.8489,0.0067
DALLE3_image_0000584.jpg,dalle3_sfhq,topographic,0.5824,0.0081
DALLE3_image_0000584.jpg,dalle3_sfhq,edge,0.9429,0.0289
DALLE3_image_0000253.jpg,dalle3_sfhq,raw,0.636,0.261
DALLE3_image_0000253.jpg,dalle3_sfhq,topographic,0.5857,0.0473
DALLE3_image_0000253.jpg,dalle3_sfhq,edge,0.8944,0.0043
DALLE3_image_0001076.jpg,dalle3_sfhq,raw,0.811,0.0196
DALLE3_image_0001076.jpg,dalle3_sfhq,topographic,0.5576,0.0223
DALLE3_image_0001076.jpg,dalle3_sfhq,edge,0.7637,0.046
DALLE3_image_0000609.jpg,dalle3_sfhq,raw,0.848,0.0027
DALLE3_image_0000609.jpg,dalle3_sfhq,topographic,0.6351,0.0202
DALLE3_image_0000609.jpg,dalle3_sfhq,edge,0.9363,0.0092
DALLE3_image_0000041.jpg,dalle3_sfhq,raw,0.8396,0.0108
DALLE3_image_0000041.jpg,dalle3_sfhq,topographic,0.5744,0.0025
DALLE3_image_0000041.jpg,dalle3_sfhq,edge,0.9339,0.0097
DALLE3_image_0000635.jpg,dalle3_sfhq,raw,0.7731,0.0106
DALLE3_image_0000635.jpg,dalle3_sfhq,topographic,0.6031,0.0377
DALLE3_image_0000635.jpg,dalle3_sfhq,edge,0.8258,0.0365
DALLE3_image_0000084.jpg,dalle3_sfhq,raw,0.8168,0.0597
DALLE3_image_0000084.jpg,dalle3_sfhq,topographic,0.5767,0.0088
DALLE3_image_0000084.jpg,dalle3_sfhq,edge,0.8692,0.0142
DALLE3_image_0001065.jpg,dalle3_sfhq,raw,0.7481,0.0015
DALLE3_image_0001065.jpg,dalle3_sfhq,topographic,0.5257,0.0042
DALLE3_image_0001065.jpg,dalle3_sfhq,edge,0.7318,0.0204
DALLE3_image_0000674.jpg,dalle3_sfhq,raw,0.7532,0.0365
DALLE3_image_0000674.jpg,dalle3_sfhq,topographic,0.5259,0.0989
DALLE3_image_0000674.jpg,dalle3_sfhq,edge,0.8467,0.0022
DALLE3_image_0000598.jpg,dalle3_sfhq,raw,0.8196,0.1461
DALLE3_image_0000598.jpg,dalle3_sfhq,topographic,0.6297,0.0548
DALLE3_image_0000598.jpg,dalle3_sfhq,edge,0.7916,0.0701
DALLE3_image_0000579.jpg,dalle3_sfhq,raw,0.7382,0.1214
DALLE3_image_0000579.jpg,dalle3_sfhq,topographic,0.6874,0.0061
DALLE3_image_0000579.jpg,dalle3_sfhq,edge,0.9315,0.0215
DALLE3_image_0000536.jpg,dalle3_sfhq,raw,0.6766,0.1623
DALLE3_image_0000536.jpg,dalle3_sfhq,topographic,0.5784,0.0275
DALLE3_image_0000536.jpg,dalle3_sfhq,edge,0.9484,0.0036
DALLE3_image_0000324.jpg,dalle3_sfhq,raw,0.7874,0.0463
DALLE3_image_0000324.jpg,dalle3_sfhq,topographic,0.5447,0.0138
DALLE3_image_0000324.jpg,dalle3_sfhq,edge,0.8185,0.0395
DALLE3_image_0000268.jpg,dalle3_sfhq,raw,0.7696,0.0372
DALLE3_image_0000268.jpg,dalle3_sfhq,topographic,0.5387,0.0205
DALLE3_image_0000268.jpg,dalle3_sfhq,edge,0.8297,0.0369
DALLE3_image_0001094.jpg,dalle3_sfhq,raw,0.7911,0.0999
DALLE3_image_0001094.jpg,dalle3_sfhq,topographic,0.5694,0.0116
DALLE3_image_0001094.jpg,dalle3_sfhq,edge,0.8636,0.008
DALLE3_image_0000890.jpg,dalle3_sfhq,raw,0.6717,0.2904
DALLE3_image_0000890.jpg,dalle3_sfhq,topographic,0.5606,0.0546
DALLE3_image_0000890.jpg,dalle3_sfhq,edge,0.9068,0.0037
DALLE3_image_0000734.jpg,dalle3_sfhq,raw,0.8152,0.0432
DALLE3_image_0000734.jpg,dalle3_sfhq,topographic,0.6154,0.0335
DALLE3_image_0000734.jpg,dalle3_sfhq,edge,0.7778,0.0616
DALLE3_image_0000971.jpg,dalle3_sfhq,raw,0.7177,0.0818
DALLE3_image_0000971.jpg,dalle3_sfhq,topographic,0.5787,0.0058
DALLE3_image_0000971.jpg,dalle3_sfhq,edge,0.9393,0.0042
DALLE3_image_0000245.jpg,dalle3_sfhq,raw,0.7862,0.1342
DALLE3_image_0000245.jpg,dalle3_sfhq,topographic,0.7792,0.033
DALLE3_image_0000245.jpg,dalle3_sfhq,edge,0.9553,0.0025
DALLE3_image_0000821.jpg,dalle3_sfhq,raw,0.8098,0.0226
DALLE3_image_0000821.jpg,dalle3_sfhq,topographic,0.6275,0.0019
DALLE3_image_0000821.jpg,dalle3_sfhq,edge,0.8637,0.0223
DALLE3_image_0000406.jpg,dalle3_sfhq,raw,0.8287,0.0574
DALLE3_image_0000406.jpg,dalle3_sfhq,topographic,0.6037,0.0434
DALLE3_image_0000406.jpg,dalle3_sfhq,edge,0.9206,0.0128
DALLE3_image_0000135.jpg,dalle3_sfhq,raw,0.8642,0.0226
DALLE3_image_0000135.jpg,dalle3_sfhq,topographic,0.634,0.0197
DALLE3_image_0000135.jpg,dalle3_sfhq,edge,0.9222,0.015
DALLE3_image_0000921.jpg,dalle3_sfhq,raw,0.7812,0.1383
DALLE3_image_0000921.jpg,dalle3_sfhq,topographic,0.5538,0.023
DALLE3_image_0000921.jpg,dalle3_sfhq,edge,0.8259,0.0027
DALLE3_image_0000661.jpg,dalle3_sfhq,raw,0.7664,0.0401
DALLE3_image_0000661.jpg,dalle3_sfhq,topographic,0.5384,0.0419
DALLE3_image_0000661.jpg,dalle3_sfhq,edge,0.8724,0.0075
DALLE3_image_0000308.jpg,dalle3_sfhq,raw,0.7293,0.1518
DALLE3_image_0000308.jpg,dalle3_sfhq,topographic,0.5803,0.0024
DALLE3_image_0000308.jpg,dalle3_sfhq,edge,0.937,0.0011
DALLE3_image_0000469.jpg,dalle3_sfhq,raw,0.7128,0.127
DALLE3_image_0000469.jpg,dalle3_sfhq,topographic,0.5713,0.0924
DALLE3_image_0000469.jpg,dalle3_sfhq,edge,0.9046,0.0237
DALLE3_image_0000767.jpg,dalle3_sfhq,raw,0.7853,0.066
DALLE3_image_0000767.jpg,dalle3_sfhq,topographic,0.5759,0.072
DALLE3_image_0000767.jpg,dalle3_sfhq,edge,0.8813,0.0482
DALLE3_image_0000075.jpg,dalle3_sfhq,raw,0.7853,0.0065
DALLE3_image_0000075.jpg,dalle3_sfhq,topographic,0.6162,0.0039
DALLE3_image_0000075.jpg,dalle3_sfhq,edge,0.9167,0.0001
DALLE3_image_0000010.jpg,dalle3_sfhq,raw,0.8074,0.0566
DALLE3_image_0000010.jpg,dalle3_sfhq,topographic,0.597,0.029
DALLE3_image_0000010.jpg,dalle3_sfhq,edge,0.9259,0.0047
DALLE3_image_0001053.jpg,dalle3_sfhq,raw,0.7937,0.0106
DALLE3_image_0001053.jpg,dalle3_sfhq,topographic,0.6152,0.043
DALLE3_image_0001053.jpg,dalle3_sfhq,edge,0.8389,0.0242
DALLE3_image_0000637.jpg,dalle3_sfhq,raw,0.7314,0.1611
DALLE3_image_0000637.jpg,dalle3_sfhq,topographic,0.6439,0.0324
DALLE3_image_0000637.jpg,dalle3_sfhq,edge,0.9318,0.0018
DALLE3_image_0000577.jpg,dalle3_sfhq,raw,0.7596,0.0549
DALLE3_image_0000577.jpg,dalle3_sfhq,topographic,0.5379,0.021
DALLE3_image_0000577.jpg,dalle3_sfhq,edge,0.8279,0.0732
DALLE3_image_0000103.jpg,dalle3_sfhq,raw,0.7826,0.0378
DALLE3_image_0000103.jpg,dalle3_sfhq,topographic,0.5341,0.0047
DALLE3_image_0000103.jpg,dalle3_sfhq,edge,0.8185,0.034
DALLE3_image_0000076.jpg,dalle3_sfhq,raw,0.7521,0.0473
DALLE3_image_0000076.jpg,dalle3_sfhq,topographic,0.5895,0.0253
DALLE3_image_0000076.jpg,dalle3_sfhq,edge,0.9282,0.0123
DALLE3_image_0000551.jpg,dalle3_sfhq,raw,0.8018,0.0009
DALLE3_image_0000551.jpg,dalle3_sfhq,topographic,0.5747,0.0069
DALLE3_image_0000551.jpg,dalle3_sfhq,edge,0.8862,0.011
DALLE3_image_0000842.jpg,dalle3_sfhq,raw,0.8686,0.0163
DALLE3_image_0000842.jpg,dalle3_sfhq,topographic,0.5578,0.0265
DALLE3_image_0000842.jpg,dalle3_sfhq,edge,0.8447,0.0252
DALLE3_image_0000519.jpg,dalle3_sfhq,raw,0.699,0.2436
DALLE3_image_0000519.jpg,dalle3_sfhq,topographic,0.6502,0.1232
DALLE3_image_0000519.jpg,dalle3_sfhq,edge,0.9083,0.0176
DALLE3_image_0000760.jpg,dalle3_sfhq,raw,0.8242,0.0861
DALLE3_image_0000760.jpg,dalle3_sfhq,topographic,0.5823,0.0068
DALLE3_image_0000760.jpg,dalle3_sfhq,edge,0.8899,0.0343
DALLE3_image_0000886.jpg,dalle3_sfhq,raw,0.8803,0.0439
DALLE3_image_0000886.jpg,dalle3_sfhq,topographic,0.5675,0.1495
DALLE3_image_0000886.jpg,dalle3_sfhq,edge,0.8902,0.0965
DALLE3_image_0000358.jpg,dalle3_sfhq,raw,0.7826,0.1836
DALLE3_image_0000358.jpg,dalle3_sfhq,topographic,0.623,0.0488
DALLE3_image_0000358.jpg,dalle3_sfhq,edge,0.8999,0.0305
DALLE3_image_0000786.jpg,dalle3_sfhq,raw,0.7675,0.0483
DALLE3_image_0000786.jpg,dalle3_sfhq,topographic,0.5687,0.0414
DALLE3_image_0000786.jpg,dalle3_sfhq,edge,0.9072,0.0198
DALLE3_image_0000251.jpg,dalle3_sfhq,raw,0.7358,0.1111
DALLE3_image_0000251.jpg,dalle3_sfhq,topographic,0.5759,0.1051
DALLE3_image_0000251.jpg,dalle3_sfhq,edge,0.8306,0.0905
DALLE3_image_0000379.jpg,dalle3_sfhq,raw,0.7342,0.1714
DALLE3_image_0000379.jpg,dalle3_sfhq,topographic,0.6683,0.1595
DALLE3_image_0000379.jpg,dalle3_sfhq,edge,0.9587,0.0142
DALLE3_image_0000292.jpg,dalle3_sfhq,raw,0.7074,0.1257
DALLE3_image_0000292.jpg,dalle3_sfhq,topographic,0.7002,0.0857
DALLE3_image_0000292.jpg,dalle3_sfhq,edge,0.9514,0.0177
DALLE3_image_0000791.jpg,dalle3_sfhq,raw,0.8647,0.1183
DALLE3_image_0000791.jpg,dalle3_sfhq,topographic,0.6286,0.0299
DALLE3_image_0000791.jpg,dalle3_sfhq,edge,0.9472,0.0086
DALLE3_image_0000918.jpg,dalle3_sfhq,raw,0.8421,0.0788
DALLE3_image_0000918.jpg,dalle3_sfhq,topographic,0.625,0.015
DALLE3_image_0000918.jpg,dalle3_sfhq,edge,0.9075,0.0029
DALLE3_image_0000557.jpg,dalle3_sfhq,raw,0.806,0.0536
DALLE3_image_0000557.jpg,dalle3_sfhq,topographic,0.5836,0.0278
DALLE3_image_0000557.jpg,dalle3_sfhq,edge,0.8131,0.0082
DALLE3_image_0000721.jpg,dalle3_sfhq,raw,0.9048,0.0884
DALLE3_image_0000721.jpg,dalle3_sfhq,topographic,0.7939,0.0263
DALLE3_image_0000721.jpg,dalle3_sfhq,edge,0.9658,0.0087
DALLE3_image_0000310.jpg,dalle3_sfhq,raw,0.828,0.0944
DALLE3_image_0000310.jpg,dalle3_sfhq,topographic,0.5635,0.0227
DALLE3_image_0000310.jpg,dalle3_sfhq,edge,0.7834,0.0423
DALLE3_image_0000627.jpg,dalle3_sfhq,raw,0.798,0.0945
DALLE3_image_0000627.jpg,dalle3_sfhq,topographic,0.5975,0.0039
DALLE3_image_0000627.jpg,dalle3_sfhq,edge,0.9157,0.0113
DALLE3_image_0000864.jpg,dalle3_sfhq,raw,0.9565,0.0052
DALLE3_image_0000864.jpg,dalle3_sfhq,topographic,0.7279,0.0001
DALLE3_image_0000864.jpg,dalle3_sfhq,edge,0.9164,0.0031
DALLE3_image_0001019.jpg,dalle3_sfhq,raw,0.6705,0.2512
DALLE3_image_0001019.jpg,dalle3_sfhq,topographic,0.5626,0.2551
DALLE3_image_0001019.jpg,dalle3_sfhq,edge,0.9118,0.0693
DALLE3_image_0000009.jpg,dalle3_sfhq,raw,0.8091,0.0691
DALLE3_image_0000009.jpg,dalle3_sfhq,topographic,0.5281,0.0375
DALLE3_image_0000009.jpg,dalle3_sfhq,edge,0.7735,0.0274
DALLE3_image_0000684.jpg,dalle3_sfhq,raw,0.8245,0.024
DALLE3_image_0000684.jpg,dalle3_sfhq,topographic,0.5777,0.0489
DALLE3_image_0000684.jpg,dalle3_sfhq,edge,0.843,0.0049
DALLE3_image_0000908.jpg,dalle3_sfhq,raw,0.8259,0.0828
DALLE3_image_0000908.jpg,dalle3_sfhq,topographic,0.6142,0.0192
DALLE3_image_0000908.jpg,dalle3_sfhq,edge,0.9467,0.0094
DALLE3_image_0000307.jpg,dalle3_sfhq,raw,0.7449,0.1415
DALLE3_image_0000307.jpg,dalle3_sfhq,topographic,0.5256,0.0139
DALLE3_image_0000307.jpg,dalle3_sfhq,edge,0.8496,0.0083
DALLE3_image_0000680.jpg,dalle3_sfhq,raw,0.9325,0.0513
DALLE3_image_0000680.jpg,dalle3_sfhq,topographic,0.7662,0.132
DALLE3_image_0000680.jpg,dalle3_sfhq,edge,0.9749,0.0162
DALLE3_image_0000107.jpg,dalle3_sfhq,raw,0.8421,0.0147
DALLE3_image_0000107.jpg,dalle3_sfhq,topographic,0.6183,0.0111
DALLE3_image_0000107.jpg,dalle3_sfhq,edge,0.7823,0.003
DALLE3_image_0000138.jpg,dalle3_sfhq,raw,0.8097,0.1101
DALLE3_image_0000138.jpg,dalle3_sfhq,topographic,0.6017,0.019
DALLE3_image_0000138.jpg,dalle3_sfhq,edge,0.8501,0.0161
DALLE3_image_0000271.jpg,dalle3_sfhq,raw,0.7515,0.1101
DALLE3_image_0000271.jpg,dalle3_sfhq,topographic,0.5996,0.0075
DALLE3_image_0000271.jpg,dalle3_sfhq,edge,0.8622,0.0496
DALLE3_image_0000119.jpg,dalle3_sfhq,raw,0.8697,0.0326
DALLE3_image_0000119.jpg,dalle3_sfhq,topographic,0.6938,0.026
DALLE3_image_0000119.jpg,dalle3_sfhq,edge,0.9542,0.0067
DALLE3_image_0000110.jpg,dalle3_sfhq,raw,0.7751,0.033
DALLE3_image_0000110.jpg,dalle3_sfhq,topographic,0.575,0.0319
DALLE3_image_0000110.jpg,dalle3_sfhq,edge,0.9351,0.0099
DALLE3_image_0001016.jpg,dalle3_sfhq,raw,0.7677,0.0908
DALLE3_image_0001016.jpg,dalle3_sfhq,topographic,0.5733,0.0826
DALLE3_image_0001016.jpg,dalle3_sfhq,edge,0.9175,0.0016
DALLE3_image_0000160.jpg,dalle3_sfhq,raw,0.8744,0.0184
DALLE3_image_0000160.jpg,dalle3_sfhq,topographic,0.6834,0.0354
DALLE3_image_0000160.jpg,dalle3_sfhq,edge,0.8852,0.0456
DALLE3_image_0000279.jpg,dalle3_sfhq,raw,0.7577,0.0859
DALLE3_image_0000279.jpg,dalle3_sfhq,topographic,0.6052,0.0361
DALLE3_image_0000279.jpg,dalle3_sfhq,edge,0.9115,0.0096
DALLE3_image_0000289.jpg,dalle3_sfhq,raw,0.7613,0.0707
DALLE3_image_0000289.jpg,dalle3_sfhq,topographic,0.6306,0.0471
DALLE3_image_0000289.jpg,dalle3_sfhq,edge,0.9288,0.0314
DALLE3_image_0000620.jpg,dalle3_sfhq,raw,0.8131,0.0404
DALLE3_image_0000620.jpg,dalle3_sfhq,topographic,0.6269,0.0243
DALLE3_image_0000620.jpg,dalle3_sfhq,edge,0.9244,0.005
DALLE3_image_0000216.jpg,dalle3_sfhq,raw,0.743,0.16
DALLE3_image_0000216.jpg,dalle3_sfhq,topographic,0.5662,0.04
DALLE3_image_0000216.jpg,dalle3_sfhq,edge,0.8538,0.0244
DALLE3_image_0000352.jpg,dalle3_sfhq,raw,0.7688,0.1225
DALLE3_image_0000352.jpg,dalle3_sfhq,topographic,0.5716,0.045
DALLE3_image_0000352.jpg,dalle3_sfhq,edge,0.9275,0.0193
DALLE3_image_0000209.jpg,dalle3_sfhq,raw,0.8129,0.1363
DALLE3_image_0000209.jpg,dalle3_sfhq,topographic,0.5542,0.0312
DALLE3_image_0000209.jpg,dalle3_sfhq,edge,0.8188,0.0449
DALLE3_image_0000704.jpg,dalle3_sfhq,raw,0.7006,0.0699
DALLE3_image_0000704.jpg,dalle3_sfhq,topographic,0.5427,0.0062
DALLE3_image_0000704.jpg,dalle3_sfhq,edge,0.8263,0.0065
DALLE3_image_0000650.jpg,dalle3_sfhq,raw,0.7394,0.2026
DALLE3_image_0000650.jpg,dalle3_sfhq,topographic,0.5819,0.0317
DALLE3_image_0000650.jpg,dalle3_sfhq,edge,0.8795,0.0299
DALLE3_image_0000720.jpg,dalle3_sfhq,raw,0.8001,0.0572
DALLE3_image_0000720.jpg,dalle3_sfhq,topographic,0.5378,0.0334
DALLE3_image_0000720.jpg,dalle3_sfhq,edge,0.7896,0.0408
DALLE3_image_0000518.jpg,dalle3_sfhq,raw,0.7879,0.0113
DALLE3_image_0000518.jpg,dalle3_sfhq,topographic,0.5831,0.0256
DALLE3_image_0000518.jpg,dalle3_sfhq,edge,0.9226,0.0005
DALLE3_image_0000964.jpg,dalle3_sfhq,raw,0.7018,0.0338
DALLE3_image_0000964.jpg,dalle3_sfhq,topographic,0.6121,0.0946
DALLE3_image_0000964.jpg,dalle3_sfhq,edge,0.8043,0.1426
DALLE3_image_0001018.jpg,dalle3_sfhq,raw,0.7857,0.1216
DALLE3_image_0001018.jpg,dalle3_sfhq,topographic,0.6343,0.0744
DALLE3_image_0001018.jpg,dalle3_sfhq,edge,0.8626,0.0167
DALLE3_image_0000053.jpg,dalle3_sfhq,raw,0.7687,0.025
DALLE3_image_0000053.jpg,dalle3_sfhq,topographic,0.63,0.0321
DALLE3_image_0000053.jpg,dalle3_sfhq,edge,0.8711,0.0459
DALLE3_image_0000095.jpg,dalle3_sfhq,raw,0.8639,0.0666
DALLE3_image_0000095.jpg,dalle3_sfhq,topographic,0.6766,0.0212
DALLE3_image_0000095.jpg,dalle3_sfhq,edge,0.8823,0.0284
DALLE3_image_0000708.jpg,dalle3_sfhq,raw,0.8134,0.0694
DALLE3_image_0000708.jpg,dalle3_sfhq,topographic,0.5929,0.0619
DALLE3_image_0000708.jpg,dalle3_sfhq,edge,0.8968,0.0505
DALLE3_image_0000816.jpg,dalle3_sfhq,raw,0.8582,0.0562
DALLE3_image_0000816.jpg,dalle3_sfhq,topographic,0.6228,0.0254
DALLE3_image_0000816.jpg,dalle3_sfhq,edge,0.9441,0.0093
DALLE3_image_0001032.jpg,dalle3_sfhq,raw,0.7937,0.0129
DALLE3_image_0001032.jpg,dalle3_sfhq,topographic,0.5604,0.0188
DALLE3_image_0001032.jpg,dalle3_sfhq,edge,0.896,0.0156
DALLE3_image_0000046.jpg,dalle3_sfhq,raw,0.707,0.011
DALLE3_image_0000046.jpg,dalle3_sfhq,topographic,0.5567,0.0129
DALLE3_image_0000046.jpg,dalle3_sfhq,edge,0.8985,0.0351
DALLE3_image_0000996.jpg,dalle3_sfhq,raw,0.8218,0.0202
DALLE3_image_0000996.jpg,dalle3_sfhq,topographic,0.6603,0.065
DALLE3_image_0000996.jpg,dalle3_sfhq,edge,0.9451,0.0234
DALLE3_image_0000342.jpg,dalle3_sfhq,raw,0.7009,0.0599
DALLE3_image_0000342.jpg,dalle3_sfhq,topographic,0.5311,0.123
DALLE3_image_0000342.jpg,dalle3_sfhq,edge,0.9068,0.0005
DALLE3_image_0000134.jpg,dalle3_sfhq,raw,0.811,0.0255
DALLE3_image_0000134.jpg,dalle3_sfhq,topographic,0.5872,0.0362
DALLE3_image_0000134.jpg,dalle3_sfhq,edge,0.8958,0.0159
DALLE3_image_0000653.jpg,dalle3_sfhq,raw,0.7391,0.0967
DALLE3_image_0000653.jpg,dalle3_sfhq,topographic,0.6304,0.0208
DALLE3_image_0000653.jpg,dalle3_sfhq,edge,0.8563,0.0217
DALLE3_image_0000269.jpg,dalle3_sfhq,raw,0.7046,0.1615
DALLE3_image_0000269.jpg,dalle3_sfhq,topographic,0.5981,0.0281
DALLE3_image_0000269.jpg,dalle3_sfhq,edge,0.8094,0.0093
DALLE3_image_0000973.jpg,dalle3_sfhq,raw,0.8237,0.1174
DALLE3_image_0000973.jpg,dalle3_sfhq,topographic,0.6785,0.0836
DALLE3_image_0000973.jpg,dalle3_sfhq,edge,0.9392,0.0198
DALLE3_image_0000453.jpg,dalle3_sfhq,raw,0.7834,0.0778
DALLE3_image_0000453.jpg,dalle3_sfhq,topographic,0.5241,0.0333
DALLE3_image_0000453.jpg,dalle3_sfhq,edge,0.7763,0.0083
DALLE3_image_0000565.jpg,dalle3_sfhq,raw,0.8764,0.1195
DALLE3_image_0000565.jpg,dalle3_sfhq,topographic,0.8183,0.135
DALLE3_image_0000565.jpg,dalle3_sfhq,edge,0.9554,0.0446
DALLE3_image_0000438.jpg,dalle3_sfhq,raw,0.7965,0.1465
DALLE3_image_0000438.jpg,dalle3_sfhq,topographic,0.5701,0.0028
DALLE3_image_0000438.jpg,dalle3_sfhq,edge,0.9301,0.007
DALLE3_image_0000575.jpg,dalle3_sfhq,raw,0.9,0.0897
DALLE3_image_0000575.jpg,dalle3_sfhq,topographic,0.7494,0.0101
DALLE3_image_0000575.jpg,dalle3_sfhq,edge,0.933,0.0042
DALLE3_image_0000751.jpg,dalle3_sfhq,raw,0.8219,0.0072
DALLE3_image_0000751.jpg,dalle3_sfhq,topographic,0.5768,0.0015
DALLE3_image_0000751.jpg,dalle3_sfhq,edge,0.8364,0.022
DALLE3_image_0000962.jpg,dalle3_sfhq,raw,0.7783,0.0523
DALLE3_image_0000962.jpg,dalle3_sfhq,topographic,0.5927,0.0306
DALLE3_image_0000962.jpg,dalle3_sfhq,edge,0.8845,0.0202
DALLE3_image_0000844.jpg,dalle3_sfhq,raw,0.9072,0.0236
DALLE3_image_0000844.jpg,dalle3_sfhq,topographic,0.6996,0.0526
DALLE3_image_0000844.jpg,dalle3_sfhq,edge,0.8964,0.0297
DALLE3_image_0000153.jpg,dalle3_sfhq,raw,0.7757,0.0492
DALLE3_image_0000153.jpg,dalle3_sfhq,topographic,0.5632,0.0235
DALLE3_image_0000153.jpg,dalle3_sfhq,edge,0.8341,0.0456
DALLE3_image_0000559.jpg,dalle3_sfhq,raw,0.6872,0.2923
DALLE3_image_0000559.jpg,dalle3_sfhq,topographic,0.6891,0.0962
DALLE3_image_0000559.jpg,dalle3_sfhq,edge,0.9603,0.0148
DALLE3_image_0000037.jpg,dalle3_sfhq,raw,0.7656,0.0327
DALLE3_image_0000037.jpg,dalle3_sfhq,topographic,0.5262,0.0018
DALLE3_image_0000037.jpg,dalle3_sfhq,edge,0.7341,0.013
DALLE3_image_0000992.jpg,dalle3_sfhq,raw,0.7221,0.108
DALLE3_image_0000992.jpg,dalle3_sfhq,topographic,0.5245,0.0744
DALLE3_image_0000992.jpg,dalle3_sfhq,edge,0.857,0.0019
DALLE3_image_0000597.jpg,dalle3_sfhq,raw,0.7359,0.0653
DALLE3_image_0000597.jpg,dalle3_sfhq,topographic,0.5346,0.1254
DALLE3_image_0000597.jpg,dalle3_sfhq,edge,0.7968,0.0218
DALLE3_image_0000566.jpg,dalle3_sfhq,raw,0.7494,0.0404
DALLE3_image_0000566.jpg,dalle3_sfhq,topographic,0.5173,0.0357
DALLE3_image_0000566.jpg,dalle3_sfhq,edge,0.7879,0.0157
DALLE3_image_0000152.jpg,dalle3_sfhq,raw,0.78,0.0426
DALLE3_image_0000152.jpg,dalle3_sfhq,topographic,0.5955,0.0127
DALLE3_image_0000152.jpg,dalle3_sfhq,edge,0.8044,0.0267
DALLE3_image_0001096.jpg,dalle3_sfhq,raw,0.7622,0.0079
DALLE3_image_0001096.jpg,dalle3_sfhq,topographic,0.5639,0.0061
DALLE3_image_0001096.jpg,dalle3_sfhq,edge,0.8145,0.0037
DALLE3_image_0001024.jpg,dalle3_sfhq,raw,0.796,0.009
DALLE3_image_0001024.jpg,dalle3_sfhq,topographic,0.5871,0.0271
DALLE3_image_0001024.jpg,dalle3_sfhq,edge,0.8598,0.0015
DALLE3_image_0000043.jpg,dalle3_sfhq,raw,0.7726,0.017
DALLE3_image_0000043.jpg,dalle3_sfhq,topographic,0.6018,0.0179
DALLE3_image_0000043.jpg,dalle3_sfhq,edge,0.9162,0.0256
DALLE3_image_0000316.jpg,dalle3_sfhq,raw,0.7871,0.1281
DALLE3_image_0000316.jpg,dalle3_sfhq,topographic,0.5925,0.101
DALLE3_image_0000316.jpg,dalle3_sfhq,edge,0.9463,0.0229
DALLE3_image_0000374.jpg,dalle3_sfhq,raw,0.8168,0.0061
DALLE3_image_0000374.jpg,dalle3_sfhq,topographic,0.5954,0.0218
DALLE3_image_0000374.jpg,dalle3_sfhq,edge,0.9267,0.0298
DALLE3_image_0000775.jpg,dalle3_sfhq,raw,0.7594,0.1217
DALLE3_image_0000775.jpg,dalle3_sfhq,topographic,0.5877,0.0202
DALLE3_image_0000775.jpg,dalle3_sfhq,edge,0.8699,0.0148
DALLE3_image_0000367.jpg,dalle3_sfhq,raw,0.8235,0.0064
DALLE3_image_0000367.jpg,dalle3_sfhq,topographic,0.6816,0.0055
DALLE3_image_0000367.jpg,dalle3_sfhq,edge,0.9292,0.0114
DALLE3_image_0000712.jpg,dalle3_sfhq,raw,0.7102,0.1884
DALLE3_image_0000712.jpg,dalle3_sfhq,topographic,0.582,0.0471
DALLE3_image_0000712.jpg,dalle3_sfhq,edge,0.9226,0.0102
DALLE3_image_0000845.jpg,dalle3_sfhq,raw,0.7089,0.031
DALLE3_image_0000845.jpg,dalle3_sfhq,topographic,0.5765,0.0809
DALLE3_image_0000845.jpg,dalle3_sfhq,edge,0.8169,0.0411
DALLE3_image_0000106.jpg,dalle3_sfhq,raw,0.7926,0.0592
DALLE3_image_0000106.jpg,dalle3_sfhq,topographic,0.6322,0.0423
DALLE3_image_0000106.jpg,dalle3_sfhq,edge,0.9038,0.038
DALLE3_image_0000871.jpg,dalle3_sfhq,raw,0.7187,0.2166
DALLE3_image_0000871.jpg,dalle3_sfhq,topographic,0.592,0.133
DALLE3_image_0000871.jpg,dalle3_sfhq,edge,0.941,0.0314
DALLE3_image_0000574.jpg,dalle3_sfhq,raw,0.8164,0.0293
DALLE3_image_0000574.jpg,dalle3_sfhq,topographic,0.7245,0.0555
DALLE3_image_0000574.jpg,dalle3_sfhq,edge,0.9175,0.0138
DALLE3_image_0000831.jpg,dalle3_sfhq,raw,0.718,0.0844
DALLE3_image_0000831.jpg,dalle3_sfhq,topographic,0.569,0.012
DALLE3_image_0000831.jpg,dalle3_sfhq,edge,0.8661,0.0316
DALLE3_image_0000636.jpg,dalle3_sfhq,raw,0.7623,0.185
DALLE3_image_0000636.jpg,dalle3_sfhq,topographic,0.6304,0.0087
DALLE3_image_0000636.jpg,dalle3_sfhq,edge,0.8774,0.0129
DALLE3_image_0000808.jpg,dalle3_sfhq,raw,0.8665,0.0159
DALLE3_image_0000808.jpg,dalle3_sfhq,topographic,0.5724,0.005
DALLE3_image_0000808.jpg,dalle3_sfhq,edge,0.7578,0.0152
DALLE3_image_0000833.jpg,dalle3_sfhq,raw,0.8307,0.0478
DALLE3_image_0000833.jpg,dalle3_sfhq,topographic,0.6155,0.0218
DALLE3_image_0000833.jpg,dalle3_sfhq,edge,0.905,0.0086
DALLE3_image_0000167.jpg,dalle3_sfhq,raw,0.7748,0.0353
DALLE3_image_0000167.jpg,dalle3_sfhq,topographic,0.5779,0.0029
DALLE3_image_0000167.jpg,dalle3_sfhq,edge,0.9055,0.0017
DALLE3_image_0000182.jpg,dalle3_sfhq,raw,0.784,0.0473
DALLE3_image_0000182.jpg,dalle3_sfhq,topographic,0.5414,0.0366
DALLE3_image_0000182.jpg,dalle3_sfhq,edge,0.8706,0.0081
DALLE3_image_0000423.jpg,dalle3_sfhq,raw,0.7384,0.0971
DALLE3_image_0000423.jpg,dalle3_sfhq,topographic,0.5534,0.0135
DALLE3_image_0000423.jpg,dalle3_sfhq,edge,0.8562,0.0212
DALLE3_image_0000026.jpg,dalle3_sfhq,raw,0.6849,0.139
DALLE3_image_0000026.jpg,dalle3_sfhq,topographic,0.6266,0.0571
DALLE3_image_0000026.jpg,dalle3_sfhq,edge,0.9433,0.0075
DALLE3_image_0000184.jpg,dalle3_sfhq,raw,0.7555,0.1478
DALLE3_image_0000184.jpg,dalle3_sfhq,topographic,0.6232,0.0106
DALLE3_image_0000184.jpg,dalle3_sfhq,edge,0.8961,0.0044
DALLE3_image_0000341.jpg,dalle3_sfhq,raw,0.7808,0.0055
DALLE3_image_0000341.jpg,dalle3_sfhq,topographic,0.5772,0.0115
DALLE3_image_0000341.jpg,dalle3_sfhq,edge,0.8798,0.0231
DALLE3_image_0000422.jpg,dalle3_sfhq,raw,0.7789,0.1478
DALLE3_image_0000422.jpg,dalle3_sfhq,topographic,0.599,0.0834
DALLE3_image_0000422.jpg,dalle3_sfhq,edge,0.9138,0.0351
DALLE3_image_0000855.jpg,dalle3_sfhq,raw,0.8101,0.0398
DALLE3_image_0000855.jpg,dalle3_sfhq,topographic,0.6223,0.0198
DALLE3_image_0000855.jpg,dalle3_sfhq,edge,0.928,0.0142
DALLE3_image_0001005.jpg,dalle3_sfhq,raw,0.8319,0.0403
DALLE3_image_0001005.jpg,dalle3_sfhq,topographic,0.5689,0.0439
DALLE3_image_0001005.jpg,dalle3_sfhq,edge,0.926,0.0328
DALLE3_image_0001075.jpg,dalle3_sfhq,raw,0.6955,0.1022
DALLE3_image_0001075.jpg,dalle3_sfhq,topographic,0.5817,0.0126
DALLE3_image_0001075.jpg,dalle3_sfhq,edge,0.8498,0.0019
DALLE3_image_0000111.jpg,dalle3_sfhq,raw,0.7585,0.0712
DALLE3_image_0000111.jpg,dalle3_sfhq,topographic,0.5658,0.0364
DALLE3_image_0000111.jpg,dalle3_sfhq,edge,0.85,0.0372
DALLE3_image_0000392.jpg,dalle3_sfhq,raw,0.7902,0.0245
DALLE3_image_0000392.jpg,dalle3_sfhq,topographic,0.564,0.0039
DALLE3_image_0000392.jpg,dalle3_sfhq,edge,0.9092,0.0094
DALLE3_image_0000040.jpg,dalle3_sfhq,raw,0.7364,0.0738
DALLE3_image_0000040.jpg,dalle3_sfhq,topographic,0.5887,0.0188
DALLE3_image_0000040.jpg,dalle3_sfhq,edge,0.8957,0.0058
DALLE3_image_0000482.jpg,dalle3_sfhq,raw,0.8522,0.0269
DALLE3_image_0000482.jpg,dalle3_sfhq,topographic,0.5516,0.0166
DALLE3_image_0000482.jpg,dalle3_sfhq,edge,0.8162,0.006
DALLE3_image_0000228.jpg,dalle3_sfhq,raw,0.7029,0.0554
DALLE3_image_0000228.jpg,dalle3_sfhq,topographic,0.5425,0.0841
DALLE3_image_0000228.jpg,dalle3_sfhq,edge,0.8109,0.0612
DALLE3_image_0000205.jpg,dalle3_sfhq,raw,0.862,0.0097
DALLE3_image_0000205.jpg,dalle3_sfhq,topographic,0.6095,0.0037
DALLE3_image_0000205.jpg,dalle3_sfhq,edge,0.917,0.0061
DALLE3_image_0000472.jpg,dalle3_sfhq,raw,0.8709,0.0519
DALLE3_image_0000472.jpg,dalle3_sfhq,topographic,0.5726,0.0127
DALLE3_image_0000472.jpg,dalle3_sfhq,edge,0.9098,0.0083
DALLE3_image_0000359.jpg,dalle3_sfhq,raw,0.7627,0.0203
DALLE3_image_0000359.jpg,dalle3_sfhq,topographic,0.5288,0.0347
DALLE3_image_0000359.jpg,dalle3_sfhq,edge,0.8548,0.0766
DALLE3_image_0000313.jpg,dalle3_sfhq,raw,0.7529,0.0114
DALLE3_image_0000313.jpg,dalle3_sfhq,topographic,0.6239,0.0723
DALLE3_image_0000313.jpg,dalle3_sfhq,edge,0.8515,0.0271
DALLE3_image_0000234.jpg,dalle3_sfhq,raw,0.8396,0.0867
DALLE3_image_0000234.jpg,dalle3_sfhq,topographic,0.6665,0.0221
DALLE3_image_0000234.jpg,dalle3_sfhq,edge,0.9104,0.0162
DALLE3_image_0001123.jpg,dalle3_sfhq,raw,0.7874,0.0881
DALLE3_image_0001123.jpg,dalle3_sfhq,topographic,0.6655,0.0279
DALLE3_image_0001123.jpg,dalle3_sfhq,edge,0.9367,0.0205
DALLE3_image_0000025.jpg,dalle3_sfhq,raw,0.8359,0.0562
DALLE3_image_0000025.jpg,dalle3_sfhq,topographic,0.5714,0.016
DALLE3_image_0000025.jpg,dalle3_sfhq,edge,0.9162,0.0265
DALLE3_image_0000198.jpg,dalle3_sfhq,raw,0.8088,0.0432
DALLE3_image_0000198.jpg,dalle3_sfhq,topographic,0.6812,0.0275
DALLE3_image_0000198.jpg,dalle3_sfhq,edge,0.9107,0.0055
DALLE3_image_0000922.jpg,dalle3_sfhq,raw,0.7628,0.1677
DALLE3_image_0000922.jpg,dalle3_sfhq,topographic,0.619,0.05
DALLE3_image_0000922.jpg,dalle3_sfhq,edge,0.8223,0.0389
DALLE3_image_0000337.jpg,dalle3_sfhq,raw,0.7251,0.2171
DALLE3_image_0000337.jpg,dalle3_sfhq,topographic,0.5816,0.0366
DALLE3_image_0000337.jpg,dalle3_sfhq,edge,0.9239,0.029
DALLE3_image_0000847.jpg,dalle3_sfhq,raw,0.7359,0.1566
DALLE3_image_0000847.jpg,dalle3_sfhq,topographic,0.5275,0.1648
DALLE3_image_0000847.jpg,dalle3_sfhq,edge,0.7058,0.211
DALLE3_image_0000072.jpg,dalle3_sfhq,raw,0.8043,0.0251
DALLE3_image_0000072.jpg,dalle3_sfhq,topographic,0.5363,0.0041
DALLE3_image_0000072.jpg,dalle3_sfhq,edge,0.8048,0.0407
DALLE3_image_0000664.jpg,dalle3_sfhq,raw,0.8345,0.1184
DALLE3_image_0000664.jpg,dalle3_sfhq,topographic,0.6495,0.0236
DALLE3_image_0000664.jpg,dalle3_sfhq,edge,0.9052,0.0001
DALLE3_image_0000360.jpg,dalle3_sfhq,raw,0.7796,0.0582
DALLE3_image_0000360.jpg,dalle3_sfhq,topographic,0.6936,0.0213
DALLE3_image_0000360.jpg,dalle3_sfhq,edge,0.9254,0.0226
DALLE3_image_0000522.jpg,dalle3_sfhq,raw,0.7547,0.0159
DALLE3_image_0000522.jpg,dalle3_sfhq,topographic,0.5274,0.0662
DALLE3_image_0000522.jpg,dalle3_sfhq,edge,0.8663,0.0907
DALLE3_image_0000410.jpg,dalle3_sfhq,raw,0.8242,0.0397
DALLE3_image_0000410.jpg,dalle3_sfhq,topographic,0.5438,0.0219
DALLE3_image_0000410.jpg,dalle3_sfhq,edge,0.864,0.0072
DALLE3_image_0000958.jpg,dalle3_sfhq,raw,0.763,0.1412
DALLE3_image_0000958.jpg,dalle3_sfhq,topographic,0.6089,0.0453
DALLE3_image_0000958.jpg,dalle3_sfhq,edge,0.9317,0.0271
DALLE3_image_0000340.jpg,dalle3_sfhq,raw,0.7799,0.0437
DALLE3_image_0000340.jpg,dalle3_sfhq,topographic,0.5623,0.0251
DALLE3_image_0000340.jpg,dalle3_sfhq,edge,0.8505,0.0788
DALLE3_image_0000029.jpg,dalle3_sfhq,raw,0.7579,0.1609
DALLE3_image_0000029.jpg,dalle3_sfhq,topographic,0.5995,0.0305
DALLE3_image_0000029.jpg,dalle3_sfhq,edge,0.934,0.0071
DALLE3_image_0000719.jpg,dalle3_sfhq,raw,0.7983,0.0788
DALLE3_image_0000719.jpg,dalle3_sfhq,topographic,0.5451,0.0423
DALLE3_image_0000719.jpg,dalle3_sfhq,edge,0.8151,0.0182
DALLE3_image_0000799.jpg,dalle3_sfhq,raw,0.7795,0.1102
DALLE3_image_0000799.jpg,dalle3_sfhq,topographic,0.5784,0.0093
DALLE3_image_0000799.jpg,dalle3_sfhq,edge,0.8773,0.0192
DALLE3_image_0000988.jpg,dalle3_sfhq,raw,0.6867,0.0246
DALLE3_image_0000988.jpg,dalle3_sfhq,topographic,0.5254,0.0727
DALLE3_image_0000988.jpg,dalle3_sfhq,edge,0.744,0.0583
DALLE3_image_0000595.jpg,dalle3_sfhq,raw,0.7355,0.0822
DALLE3_image_0000595.jpg,dalle3_sfhq,topographic,0.5443,0.0167
DALLE3_image_0000595.jpg,dalle3_sfhq,edge,0.7884,0.0253
